,freq,lifetime
0,5.698111339099261,0.7812804606555582
1,14.25008970445503,2.6625941892584026
2,0.48860642620070177,85.6679626973688
3,0.5169643451163815,115.38144808379816
4,1.0992418326060356,99.6171535939647
5,5.731790187954335,0.8010540971386496
6,14.222209523889642,2.5605501965467594
7,14.223671842589672,2.5449094300195414
8,0.48860642620070177,85.6679626973688
9,0.5169643451163815,115.38144808379816
10,1.0992418326060356,99.6171535939647
11,5.731790187954335,0.8010540971386496
12,14.222209523889642,2.5605501965467594
13,14.223671842589672,2.5449094300195414
14,0.48860642620070177,85.6679626973688
15,0.5169643451163815,115.38144808379816
16,1.0992418326060356,99.6171535939647
17,5.731790187954335,0.8010540971386496
18,14.222209523889642,2.5605501965467594
19,14.223671842589672,2.5449094300195414
20,0.48860642620070177,85.6679626973688
21,0.5169643451163815,115.38144808379816
22,1.0992418326060356,99.6171535939647
23,5.731790187954335,0.8010540971386496
24,14.222209523889642,2.5605501965467594
25,14.223671842589672,2.5449094300195414
26,0.9708929008531728,18.319114791407994
27,1.0290499391255883,59.54725118339672
28,2.1394157408259,19.173750443694665
29,5.846589488842634,0.8254555314979187
30,14.13970407584061,2.6501055324960086
31,14.140772270256951,2.6431893468978447
32,0.9708929008531728,18.319114791407994
33,1.0290499391255883,59.54725118339672
34,2.1394157408259,19.173750443694665
35,5.846589488842634,0.8254555314979187
36,14.13970407584061,2.6501055324960086
37,14.140772270256951,2.6431893468978447
38,0.9708929008531728,18.319114791407994
39,1.0290499391255883,59.54725118339672
40,2.1394157408259,19.173750443694665
41,5.846589488842634,0.8254555314979187
42,14.13970407584061,2.6501055324960086
43,14.140772270256951,2.6431893468978447
44,0.9708929008531728,18.319114791407994
45,1.0290499391255883,59.54725118339672
46,2.1394157408259,19.173750443694665
47,5.846589488842634,0.8254555314979187
48,14.13970407584061,2.6501055324960086
49,14.140772270256951,2.6431893468978447
50,1.4405938233378164,45.91046416393843
51,1.5303442024198943,34.08990116471013
52,3.0418432640083832,6.838757214487218
53,6.088569219234694,0.8116795584411167
54,13.999104859950574,2.6658489310776226
55,14.009921381859163,2.7535646981655444
56,1.4405938233378164,45.91046416393843
57,1.5303442024198943,34.08990116471013
58,3.0418432640083832,6.838757214487218
59,6.088569219234694,0.8116795584411167
60,13.999104859950574,2.6658489310776226
61,14.009921381859163,2.7535646981655444
62,1.4405938233378164,45.91046416393843
63,1.5303442024198943,34.08990116471013
64,3.0418432640083832,6.838757214487218
65,6.088569219234694,0.8116795584411167
66,13.999104859950574,2.6658489310776226
67,14.009921381859163,2.7535646981655444
68,1.4405938233378164,45.91046416393843
69,1.5303442024198943,34.08990116471013
70,3.0418432640083832,6.838757214487218
71,6.088569219234694,0.8116795584411167
72,13.999104859950574,2.6658489310776226
73,14.009921381859163,2.7535646981655444
74,1.891549887209757,32.631401264598196
75,2.012930003080493,23.944425160615037
76,3.710174349883875,4.056821498241773
77,6.527740578983021,1.0324123582750402
78,13.797829161279752,2.9072527933668195
79,13.840338020973812,2.620571540607967
80,1.891549887209757,32.631401264598196
81,2.012930003080493,23.944425160615037
82,3.710174349883875,4.056821498241773
83,6.527740578983021,1.0324123582750402
84,13.797829161279752,2.9072527933668195
85,13.840338020973812,2.620571540607967
86,1.891549887209757,32.631401264598196
87,2.012930003080493,23.944425160615037
88,3.710174349883875,4.056821498241773
89,6.527740578983021,1.0324123582750402
90,13.797829161279752,2.9072527933668195
91,13.840338020973812,2.620571540607967
92,1.891549887209757,32.631401264598196
93,2.012930003080493,23.944425160615037
94,3.710174349883875,4.056821498241773
95,6.527740578983021,1.0324123582750402
96,13.797829161279752,2.9072527933668195
97,13.840338020973812,2.620571540607967
98,2.317743470891401,23.8126147972268
99,2.466070340729731,24.775753084023226
100,4.102279948725145,3.0436075913357743
101,7.183821007650874,0.8216409676043319
102,13.532717417905603,2.9352313951891342
103,13.644992387989626,2.8957081530911744
104,2.317743470891401,23.8126147972268
105,2.466070340729731,24.775753084023226
106,4.102279948725145,3.0436075913357743
107,7.183821007650874,0.8216409676043319
108,13.532717417905603,2.9352313951891342
109,13.644992387989626,2.8957081530911744
110,2.317743470891401,23.8126147972268
111,2.466070340729731,24.775753084023226
112,4.102279948725145,3.0436075913357743
113,7.183821007650874,0.8216409676043319
114,13.532717417905603,2.9352313951891342
115,13.644992387989626,2.8957081530911744
116,2.317743470891401,23.8126147972268
117,2.466070340729731,24.775753084023226
118,4.102279948725145,3.0436075913357743
119,7.183821007650874,0.8216409676043319
120,13.532717417905603,2.9352313951891342
121,13.644992387989626,2.8957081530911744
122,2.7132682729223,16.26664846274792
123,2.875716192017982,22.46508497264524
124,4.27812627403451,2.5779214252836273
125,7.977784490672739,0.4309611210138462
126,13.200022153941532,2.459808944208706
127,13.440911928096295,2.8459116650943397
128,2.7132682729223,16.26664846274792
129,2.875716192017982,22.46508497264524
130,4.27812627403451,2.5779214252836273
131,7.977784490672739,0.4309611210138462
132,13.200022153941532,2.459808944208706
133,13.440911928096295,2.8459116650943397
134,2.7132682729223,16.26664846274792
135,2.875716192017982,22.46508497264524
136,4.27812627403451,2.5779214252836273
137,7.977784490672739,0.4309611210138462
138,13.200022153941532,2.459808944208706
139,13.440911928096295,2.8459116650943397
140,2.7132682729223,16.26664846274792
141,2.875716192017982,22.46508497264524
142,4.27812627403451,2.5779214252836273
143,7.977784490672739,0.4309611210138462
144,13.200022153941532,2.459808944208706
145,13.440911928096295,2.8459116650943397
146,3.0720669176830264,13.925462965689867
147,3.2246417641680174,21.512237848668487
148,4.318162763669266,2.648526544164991
149,8.813711444592247,2.240846101284938
150,12.796282510926364,2.262958335130142
151,13.248282271266133,3.5081410461251963
152,3.0720669176830264,13.925462965689867
153,3.2246417641680174,21.512237848668487
154,4.318162763669266,2.648526544164991
155,8.813711444592247,2.240846101284938
156,12.796282510926364,2.262958335130142
157,13.248282271266133,3.5081410461251963
158,3.0720669176830264,13.925462965689867
159,3.2246417641680174,21.512237848668487
160,4.318162763669266,2.648526544164991
161,8.813711444592247,2.240846101284938
162,12.796282510926364,2.262958335130142
163,13.248282271266133,3.5081410461251963
164,3.0720669176830264,13.925462965689867
165,3.2246417641680174,21.512237848668487
166,4.318162763669266,2.648526544164991
167,8.813711444592247,2.240846101284938
168,12.796282510926364,2.262958335130142
169,13.248282271266133,3.5081410461251963
170,3.3867320684860167,10.991711329942216
171,3.493661341041365,25.15541971618519
172,4.272269579947828,2.886229066824015
173,9.630812956641174,1.0598215755513587
174,12.319337646773317,2.5678278049939998
175,13.088882889346934,3.2761565377118593
176,3.3867320684860167,10.991711329942216
177,3.493661341041365,25.15541971618519
178,4.272269579947828,2.886229066824015
179,9.630812956641174,1.0598215755513587
180,12.319337646773317,2.5678278049939998
181,13.088882889346934,3.2761565377118593
182,3.3867320684860167,10.991711329942216
183,3.493661341041365,25.15541971618519
184,4.272269579947828,2.886229066824015
185,9.630812956641174,1.0598215755513587
186,12.319337646773317,2.5678278049939998
187,13.088882889346934,3.2761565377118593
188,3.3867320684860167,10.991711329942216
189,3.493661341041365,25.15541971618519
190,4.272269579947828,2.886229066824015
191,9.630812956641174,1.0598215755513587
192,12.319337646773317,2.5678278049939998
193,13.088882889346934,3.2761565377118593
194,3.6419554087354493,9.444247066854578
195,3.664340021644985,29.547907383147855
196,4.17390496532671,3.23292471679254
197,10.392800625377431,0.5150137402347519
198,11.77209751463822,2.1947767776356435
199,12.983152273236495,3.283870537971037
200,3.6419554087354493,9.444247066854578
201,3.664340021644985,29.547907383147855
202,4.17390496532671,3.23292471679254
203,10.392800625377431,0.5150137402347519
204,11.77209751463822,2.1947767776356435
205,12.983152273236495,3.283870537971037
206,3.6419554087354493,9.444247066854578
207,3.664340021644985,29.547907383147855
208,4.17390496532671,3.23292471679254
209,10.392800625377431,0.5150137402347519
210,11.77209751463822,2.1947767776356435
211,12.983152273236495,3.283870537971037
212,3.6419554087354493,9.444247066854578
213,3.664340021644985,29.547907383147855
214,4.17390496532671,3.23292471679254
215,10.392800625377431,0.5150137402347519
216,11.77209751463822,2.1947767776356435
217,12.983152273236495,3.283870537971037
218,3.722915970071038,30.209558827058203
219,3.7678568113972113,10.904631260359855
220,4.099754773195944,3.261982508879259
221,10.955667783076734,0.7995681011354401
222,11.282428218225231,0.9334650599523417
223,12.946059495564754,3.392777812918329
224,3.722915970071038,30.209558827058203
225,3.7678568113972113,10.904631260359855
226,4.099754773195944,3.261982508879259
227,10.955667783076734,0.7995681011354401
228,11.282428218225231,0.9334650599523417
229,12.946059495564754,3.392777812918329
230,0.7433042718344728,55.236654018034066
231,1.0318806256919824,32.42228150170664
232,1.861364168084775,35.769170112191304
233,5.808452996384377,0.821019165293061
234,14.164690322661604,2.6632773428681773
235,14.166964079439307,2.6967330598820705
236,0.7433042718344728,55.236654018034066
237,1.0318806256919824,32.42228150170664
238,1.861364168084775,35.769170112191304
239,5.808452996384377,0.821019165293061
240,14.164690322661604,2.6632773428681773
241,14.166964079439307,2.6967330598820705
242,1.175740433850917,56.6969763140307
243,1.529320703813173,40.07239680980994
244,2.726191743871774,7.863955722182139
245,5.987870664581031,0.8292358061491556
246,14.0524552611567,2.6099783337214166
247,14.057120572885518,2.603963923189303
248,1.175740433850917,56.6969763140307
249,1.529320703813173,40.07239680980994
250,2.726191743871774,7.863955722182139
251,5.987870664581031,0.8292358061491556
252,14.0524552611567,2.6099783337214166
253,14.057120572885518,2.603963923189303
254,1.175740433850917,56.6969763140307
255,1.529320703813173,40.07239680980994
256,2.726191743871774,7.863955722182139
257,5.987870664581031,0.8292358061491556
258,14.0524552611567,2.6099783337214166
259,14.057120572885518,2.603963923189303
260,1.175740433850917,56.6969763140307
261,1.529320703813173,40.07239680980994
262,2.726191743871774,7.863955722182139
263,5.987870664581031,0.8292358061491556
264,14.0524552611567,2.6099783337214166
265,14.057120572885518,2.603963923189303
266,1.6402543139739139,44.68958128490103
267,2.0012756104403446,28.013839981588585
268,3.4598663832639853,4.593271103515961
269,6.328916040589682,0.7832890159844704
270,13.87815357584714,2.7875214671428115
271,13.906875657255092,2.676053739822018
272,1.6402543139739139,44.68958128490103
273,2.0012756104403446,28.013839981588585
274,3.4598663832639853,4.593271103515961
275,6.328916040589682,0.7832890159844704
276,13.87815357584714,2.7875214671428115
277,13.906875657255092,2.676053739822018
278,1.6402543139739139,44.68958128490103
279,2.0012756104403446,28.013839981588585
280,3.4598663832639853,4.593271103515961
281,6.328916040589682,0.7832890159844704
282,13.87815357584714,2.7875214671428115
283,13.906875657255092,2.676053739822018
284,1.6402543139739139,44.68958128490103
285,2.0012756104403446,28.013839981588585
286,3.4598663832639853,4.593271103515961
287,6.328916040589682,0.7832890159844704
288,13.87815357584714,2.7875214671428115
289,13.906875657255092,2.676053739822018
290,2.0929390207528193,31.12016763144568
291,2.448419846999505,22.393538058692187
292,3.9558401992942476,3.1686209759415602
293,6.880840746141024,0.9906574993706123
294,13.641416867335021,2.623770647290241
295,13.725000410642524,2.70487566648492
296,2.0929390207528193,31.12016763144568
297,2.448419846999505,22.393538058692187
298,3.9558401992942476,3.1686209759415602
299,6.880840746141024,0.9906574993706123
300,13.641416867335021,2.623770647290241
301,13.725000410642524,2.70487566648492
302,2.0929390207528193,31.12016763144568
303,2.448419846999505,22.393538058692187
304,3.9558401992942476,3.1686209759415602
305,6.880840746141024,0.9906574993706123
306,13.641416867335021,2.623770647290241
307,13.725000410642524,2.70487566648492
308,2.0929390207528193,31.12016763144568
309,2.448419846999505,22.393538058692187
310,3.9558401992942476,3.1686209759415602
311,6.880840746141024,0.9906574993706123
312,13.641416867335021,2.623770647290241
313,13.725000410642524,2.70487566648492
314,2.5144559038677397,21.75496548047121
315,2.863022973225069,17.455818822392594
316,4.219689518387026,2.870819662626112
317,7.607961988966359,0.3425841792426557
318,13.339185261703102,2.677006850654554
319,13.526328509017716,2.7728036268596896
320,2.5144559038677397,21.75496548047121
321,2.863022973225069,17.455818822392594
322,4.219689518387026,2.870819662626112
323,7.607961988966359,0.3425841792426557
324,13.339185261703102,2.677006850654554
325,13.526328509017716,2.7728036268596896
326,2.5144559038677397,21.75496548047121
327,2.863022973225069,17.455818822392594
328,4.219689518387026,2.870819662626112
329,7.607961988966359,0.3425841792426557
330,13.339185261703102,2.677006850654554
331,13.526328509017716,2.7728036268596896
332,2.5144559038677397,21.75496548047121
333,2.863022973225069,17.455818822392594
334,4.219689518387026,2.870819662626112
335,7.607961988966359,0.3425841792426557
336,13.339185261703102,2.677006850654554
337,13.526328509017716,2.7728036268596896
338,2.894154132989972,12.910122646316236
339,3.230073121759512,16.829826976399463
340,4.324050106667957,2.5558528649527235
341,8.417516576132048,0.7697128304824578
342,12.968387205197226,2.450096747695236
343,13.329263303629702,3.4098318918142594
344,2.894154132989972,12.910122646316236
345,3.230073121759512,16.829826976399463
346,4.324050106667957,2.5558528649527235
347,8.417516576132048,0.7697128304824578
348,12.968387205197226,2.450096747695236
349,13.329263303629702,3.4098318918142594
350,2.894154132989972,12.910122646316236
351,3.230073121759512,16.829826976399463
352,4.324050106667957,2.5558528649527235
353,8.417516576132048,0.7697128304824578
354,12.968387205197226,2.450096747695236
355,13.329263303629702,3.4098318918142594
356,2.894154132989972,12.910122646316236
357,3.230073121759512,16.829826976399463
358,4.324050106667957,2.5558528649527235
359,8.417516576132048,0.7697128304824578
360,12.968387205197226,2.450096747695236
361,13.329263303629702,3.4098318918142594
362,3.2257370377921517,10.77578892577161
363,3.5280241744107537,17.796838686667726
364,4.330064921816547,2.7950113618105417
365,9.235063109114577,2.2397437835632696
366,12.526654964599874,2.5182568116887287
367,13.154793466921006,3.4997273993904146
368,3.2257370377921517,10.77578892577161
369,3.5280241744107537,17.796838686667726
370,4.330064921816547,2.7950113618105417
371,9.235063109114577,2.2397437835632696
372,12.526654964599874,2.5182568116887287
373,13.154793466921006,3.4997273993904146
374,3.2257370377921517,10.77578892577161
375,3.5280241744107537,17.796838686667726
376,4.330064921816547,2.7950113618105417
377,9.235063109114577,2.2397437835632696
378,12.526654964599874,2.5182568116887287
379,13.154793466921006,3.4997273993904146
380,3.2257370377921517,10.77578892577161
381,3.5280241744107537,17.796838686667726
382,4.330064921816547,2.7950113618105417
383,9.235063109114577,2.2397437835632696
384,12.526654964599874,2.5182568116887287
385,13.154793466921006,3.4997273993904146
386,3.502393055833759,10.176854841075983
387,3.7308487784475597,19.346101244412907
388,4.2769633284705755,3.1420133674306996
389,10.01629476935023,0.3560702846279889
390,12.014126280289446,2.3520360814051653
391,13.024253875148217,3.322686683867435
392,3.502393055833759,10.176854841075983
393,3.7308487784475597,19.346101244412907
394,4.2769633284705755,3.1420133674306996
395,10.01629476935023,0.3560702846279889
396,12.014126280289446,2.3520360814051653
397,13.024253875148217,3.322686683867435
398,3.502393055833759,10.176854841075983
399,3.7308487784475597,19.346101244412907
400,4.2769633284705755,3.1420133674306996
401,10.01629476935023,0.3560702846279889
402,12.014126280289446,2.3520360814051653
403,13.024253875148217,3.322686683867435
404,3.502393055833759,10.176854841075983
405,3.7308487784475597,19.346101244412907
406,4.2769633284705755,3.1420133674306996
407,10.01629476935023,0.3560702846279889
408,12.014126280289446,2.3520360814051653
409,13.024253875148217,3.322686683867435
410,3.7067255242063895,9.662685267476085
411,3.8079428430869813,14.050714856899301
412,4.206880945563563,3.7320421896023395
413,10.720133641068204,0.6874562747517228
414,11.44892915097528,1.3465358163379617
415,12.955608936765968,3.449459593663436
416,3.7067255242063895,9.662685267476085
417,3.8079428430869813,14.050714856899301
418,4.206880945563563,3.7320421896023395
419,10.720133641068204,0.6874562747517228
420,11.44892915097528,1.3465358163379617
421,12.955608936765968,3.449459593663436
422,3.7067255242063895,9.662685267476085
423,3.8079428430869813,14.050714856899301
424,4.206880945563563,3.7320421896023395
425,10.720133641068204,0.6874562747517228
426,11.44892915097528,1.3465358163379617
427,12.955608936765968,3.449459593663436
428,3.7067255242063895,9.662685267476085
429,3.8079428430869813,14.050714856899301
430,4.206880945563563,3.7320421896023395
431,10.720133641068204,0.6874562747517228
432,11.44892915097528,1.3465358163379617
433,12.955608936765968,3.449459593663436
434,3.7329339148693212,10.028107096948078
435,3.790092618449306,12.455875241241737
436,4.1891276088927905,3.7961583719940495
437,10.70047636724202,0.702852696460191
438,11.467321951413048,1.3840417268953356
439,12.959065639746536,3.4826674399232425
440,3.7329339148693212,10.028107096948078
441,3.790092618449306,12.455875241241737
442,4.1891276088927905,3.7961583719940495
443,10.70047636724202,0.702852696460191
444,11.467321951413048,1.3840417268953356
445,12.959065639746536,3.4826674399232425
446,3.7329339148693212,10.028107096948078
447,3.790092618449306,12.455875241241737
448,4.1891276088927905,3.7961583719940495
449,10.70047636724202,0.702852696460191
450,11.467321951413048,1.3840417268953356
451,12.959065639746536,3.4826674399232425
452,3.7329339148693212,10.028107096948078
453,3.790092618449306,12.455875241241737
454,4.1891276088927905,3.7961583719940495
455,10.70047636724202,0.702852696460191
456,11.467321951413048,1.3840417268953356
457,12.959065639746536,3.4826674399232425
458,3.5403147062989215,10.427446699182209
459,3.699323327399086,18.3769104404495
460,4.243094034054445,3.2408367658204504
461,9.993562478479847,0.38295417347352106
462,12.033105088144426,2.3153659887297584
463,13.03404309004504,3.4143634326945675
464,3.5403147062989215,10.427446699182209
465,3.699323327399086,18.3769104404495
466,4.243094034054445,3.2408367658204504
467,9.993562478479847,0.38295417347352106
468,12.033105088144426,2.3153659887297584
469,13.03404309004504,3.4143634326945675
470,3.5403147062989215,10.427446699182209
471,3.699323327399086,18.3769104404495
472,4.243094034054445,3.2408367658204504
473,9.993562478479847,0.38295417347352106
474,12.033105088144426,2.3153659887297584
475,13.03404309004504,3.4143634326945675
476,3.5403147062989215,10.427446699182209
477,3.699323327399086,18.3769104404495
478,4.243094034054445,3.2408367658204504
479,9.993562478479847,0.38295417347352106
480,12.033105088144426,2.3153659887297584
481,13.03404309004504,3.4143634326945675
482,3.27102935313203,11.712980523845214
483,3.4745072227478055,17.207634955275257
484,4.294655091351375,2.8640096019059933
485,9.211446134595862,1.9568750672777138
486,12.544169291733075,2.7366079872270057
487,13.169373596842147,3.529725195120724
488,3.27102935313203,11.712980523845214
489,3.4745072227478055,17.207634955275257
490,4.294655091351375,2.8640096019059933
491,9.211446134595862,1.9568750672777138
492,12.544169291733075,2.7366079872270057
493,13.169373596842147,3.529725195120724
494,3.27102935313203,11.712980523845214
495,3.4745072227478055,17.207634955275257
496,4.294655091351375,2.8640096019059933
497,9.211446134595862,1.9568750672777138
498,12.544169291733075,2.7366079872270057
499,13.169373596842147,3.529725195120724
500,3.27102935313203,11.712980523845214
501,3.4745072227478055,17.207634955275257
502,4.294655091351375,2.8640096019059933
503,9.211446134595862,1.9568750672777138
504,12.544169291733075,2.7366079872270057
505,13.169373596842147,3.529725195120724
506,2.9428179784819273,14.37669229130464
507,3.158105369168488,17.122686042285135
508,4.290145905924166,2.606115345159139
509,8.393634255300796,0.7576605976765424
510,12.98413153156021,2.530388396247628
511,13.34659528052272,3.40799577799229
512,2.9428179784819273,14.37669229130464
513,3.158105369168488,17.122686042285135
514,4.290145905924166,2.606115345159139
515,8.393634255300796,0.7576605976765424
516,12.98413153156021,2.530388396247628
517,13.34659528052272,3.40799577799229
518,2.9428179784819273,14.37669229130464
519,3.158105369168488,17.122686042285135
520,4.290145905924166,2.606115345159139
521,8.393634255300796,0.7576605976765424
522,12.98413153156021,2.530388396247628
523,13.34659528052272,3.40799577799229
524,2.9428179784819273,14.37669229130464
525,3.158105369168488,17.122686042285135
526,4.290145905924166,2.606115345159139
527,8.393634255300796,0.7576605976765424
528,12.98413153156021,2.530388396247628
529,13.34659528052272,3.40799577799229
530,2.560013899843533,19.512568837794987
531,2.781559899875848,16.069309347400917
532,4.187466809326895,2.951146140894209
533,7.584651212540543,0.46746756277958923
534,13.352976668850381,2.618137040551349
535,13.544335775930282,2.770054362774873
536,2.560013899843533,19.512568837794987
537,2.781559899875848,16.069309347400917
538,4.187466809326895,2.951146140894209
539,7.584651212540543,0.46746756277958923
540,13.352976668850381,2.618137040551349
541,13.544335775930282,2.770054362774873
542,2.560013899843533,19.512568837794987
543,2.781559899875848,16.069309347400917
544,4.187466809326895,2.951146140894209
545,7.584651212540543,0.46746756277958923
546,13.352976668850381,2.618137040551349
547,13.544335775930282,2.770054362774873
548,2.560013899843533,19.512568837794987
549,2.781559899875848,16.069309347400917
550,4.187466809326895,2.951146140894209
551,7.584651212540543,0.46746756277958923
552,13.352976668850381,2.618137040551349
553,13.544335775930282,2.770054362774873
554,2.1269708528463225,29.77296978352387
555,2.3691252913113,22.703112404912474
556,3.92433552192779,3.3738285835230193
557,6.859471513356892,1.0750672838638697
558,13.653096217265455,2.6350581657547947
559,13.741871272096128,2.9984092584166833
560,2.1269708528463225,29.77296978352387
561,2.3691252913113,22.703112404912474
562,3.92433552192779,3.3738285835230193
563,6.859471513356892,1.0750672838638697
564,13.653096217265455,2.6350581657547947
565,13.741871272096128,2.9984092584166833
566,2.1269708528463225,29.77296978352387
567,2.3691252913113,22.703112404912474
568,3.92433552192779,3.3738285835230193
569,6.859471513356892,1.0750672838638697
570,13.653096217265455,2.6350581657547947
571,13.741871272096128,2.9984092584166833
572,2.1269708528463225,29.77296978352387
573,2.3691252913113,22.703112404912474
574,3.92433552192779,3.3738285835230193
575,6.859471513356892,1.0750672838638697
576,13.653096217265455,2.6350581657547947
577,13.741871272096128,2.9984092584166833
578,1.6574438711028692,21.343638010087403
579,1.9334235139764964,31.467509129033594
580,3.4274044230834924,5.075946839981322
581,6.311187526731168,0.748363051856541
582,13.887537817726251,2.7362056770885212
583,13.921217510631022,2.8583946644937317
584,1.6574438711028692,21.343638010087403
585,1.9334235139764964,31.467509129033594
586,3.4274044230834924,5.075946839981322
587,6.311187526731168,0.748363051856541
588,13.887537817726251,2.7362056770885212
589,13.921217510631022,2.8583946644937317
590,1.6574438711028692,21.343638010087403
591,1.9334235139764964,31.467509129033594
592,3.4274044230834924,5.075946839981322
593,6.311187526731168,0.748363051856541
594,13.887537817726251,2.7362056770885212
595,13.921217510631022,2.8583946644937317
596,1.6574438711028692,21.343638010087403
597,1.9334235139764964,31.467509129033594
598,3.4274044230834924,5.075946839981322
599,6.311187526731168,0.748363051856541
600,13.887537817726251,2.7362056770885212
601,13.921217510631022,2.8583946644937317
602,1.176733409480582,23.52924299190572
603,1.4784387520190465,43.70422343753304
604,2.690893114444631,9.520187732160148
605,5.974883406376637,0.8389512826651355
606,14.059206158148104,2.454181422441761
607,14.068102248648675,2.7163752956328575
608,1.176733409480582,23.52924299190572
609,1.4784387520190465,43.70422343753304
610,2.690893114444631,9.520187732160148
611,5.974883406376637,0.8389512826651355
612,14.059206158148104,2.454181422441761
613,14.068102248648675,2.7163752956328575
614,1.176733409480582,23.52924299190572
615,1.4784387520190465,43.70422343753304
616,2.690893114444631,9.520187732160148
617,5.974883406376637,0.8389512826651355
618,14.059206158148104,2.454181422441761
619,14.068102248648675,2.7163752956328575
620,1.176733409480582,23.52924299190572
621,1.4784387520190465,43.70422343753304
622,2.690893114444631,9.520187732160148
623,5.974883406376637,0.8389512826651355
624,14.059206158148104,2.454181422441761
625,14.068102248648675,2.7163752956328575
626,0.7364618254519049,27.5686223069804
627,1.0046034503834487,62.43359407526657
628,1.820038079979411,40.859337491124634
629,5.800575559550425,0.834236869657452
630,14.170008449809396,2.656360455457166
631,14.172590348786532,2.7942505593172227
632,0.7364618254519049,27.5686223069804
633,1.0046034503834487,62.43359407526657
634,1.820038079979411,40.859337491124634
635,5.800575559550425,0.834236869657452
636,14.170008449809396,2.656360455457166
637,14.172590348786532,2.7942505593172227
638,0.7364618254519049,27.5686223069804
639,1.0046034503834487,62.43359407526657
640,1.820038079979411,40.859337491124634
641,5.800575559550425,0.834236869657452
642,14.170008449809396,2.656360455457166
643,14.172590348786532,2.7942505593172227
644,0.7364618254519049,27.5686223069804
645,1.0046034503834487,62.43359407526657
646,1.820038079979411,40.859337491124634
647,5.800575559550425,0.834236869657452
648,14.170008449809396,2.656360455457166
649,14.172590348786532,2.7942505593172227
650,0.49546284753291986,64.231581887811
651,0.5220772325971362,102.13124518189683
652,5.729150455694128,0.8024536365909491
653,14.224143380954326,2.4976145526024918
654,14.225435946007412,2.553634554132181
655,0.49546284753291986,64.231581887811
656,0.5220772325971362,102.13124518189683
657,5.729150455694128,0.8024536365909491
658,14.224143380954326,2.4976145526024918
659,14.225435946007412,2.553634554132181
660,1.535981910229419,46.78193481344667
661,2.0610931098003165,25.820454540947186
662,3.3307574327364025,5.042769490675766
663,6.263869164084962,0.7673033140032208
664,13.90338870160506,2.6876854127285683
665,13.930727715744363,2.553681490465916
666,1.535981910229419,46.78193481344667
667,2.0610931098003165,25.820454540947186
668,3.3307574327364025,5.042769490675766
669,6.263869164084962,0.7673033140032208
670,13.90338870160506,2.6876854127285683
671,13.930727715744363,2.553681490465916
672,1.9562832063662305,30.076641157149435
673,2.562340424709914,11.878128987479487
674,3.8105019285478887,3.1723619080421415
675,6.71829837846638,1.109464633291673
676,13.69100624757988,2.5250815320726576
677,13.77020474135492,2.895105542850978
678,1.9562832063662305,30.076641157149435
679,2.562340424709914,11.878128987479487
680,3.8105019285478887,3.1723619080421415
681,6.71829837846638,1.109464633291673
682,13.69100624757988,2.5250815320726576
683,13.77020474135492,2.895105542850978
684,1.9562832063662305,30.076641157149435
685,2.562340424709914,11.878128987479487
686,3.8105019285478887,3.1723619080421415
687,6.71829837846638,1.109464633291673
688,13.69100624757988,2.5250815320726576
689,13.77020474135492,2.895105542850978
690,1.9562832063662305,30.076641157149435
691,2.562340424709914,11.878128987479487
692,3.8105019285478887,3.1723619080421415
693,6.71829837846638,1.109464633291673
694,13.69100624757988,2.5250815320726576
695,13.77020474135492,2.895105542850978
696,2.3739795233786722,22.413367997702263
697,3.0228010999857124,11.072165196154275
698,4.115860658303192,2.8904852019771496
699,7.345531180346135,0.6252675309674383
700,13.413602665178496,2.327985437140538
701,13.587614139114038,3.0552455706883825
702,2.3739795233786722,22.413367997702263
703,3.0228010999857124,11.072165196154275
704,4.115860658303192,2.8904852019771496
705,7.345531180346135,0.6252675309674383
706,13.413602665178496,2.327985437140538
707,13.587614139114038,3.0552455706883825
708,2.3739795233786722,22.413367997702263
709,3.0228010999857124,11.072165196154275
710,4.115860658303192,2.8904852019771496
711,7.345531180346135,0.6252675309674383
712,13.413602665178496,2.327985437140538
713,13.587614139114038,3.0552455706883825
714,2.3739795233786722,22.413367997702263
715,3.0228010999857124,11.072165196154275
716,4.115860658303192,2.8904852019771496
717,7.345531180346135,0.6252675309674383
718,13.413602665178496,2.327985437140538
719,13.587614139114038,3.0552455706883825
720,2.7589410568229122,13.758245224081282
721,3.4277125993019926,10.526657687492952
722,4.280979484393658,2.5628838890648864
723,8.081138502980954,0.2962587917128647
724,13.069796199036091,2.467610039261259
725,13.398292855651718,3.0777471969715244
726,2.7589410568229122,13.758245224081282
727,3.4277125993019926,10.526657687492952
728,4.280979484393658,2.5628838890648864
729,8.081138502980954,0.2962587917128647
730,13.069796199036091,2.467610039261259
731,13.398292855651718,3.0777471969715244
732,2.7589410568229122,13.758245224081282
733,3.4277125993019926,10.526657687492952
734,4.280979484393658,2.5628838890648864
735,8.081138502980954,0.2962587917128647
736,13.069796199036091,2.467610039261259
737,13.398292855651718,3.0777471969715244
738,2.7589410568229122,13.758245224081282
739,3.4277125993019926,10.526657687492952
740,4.280979484393658,2.5628838890648864
741,8.081138502980954,0.2962587917128647
742,13.069796199036091,2.467610039261259
743,13.398292855651718,3.0777471969715244
744,3.0974120252504185,10.54334322114672
745,3.7465974528145254,9.044591471380445
746,4.366259632305066,2.8649600289015007
747,8.854560346455449,2.233049055446301
748,12.658805600759509,2.6479093109957197
749,13.220691500972618,3.5787305310187496
750,3.0974120252504185,10.54334322114672
751,3.7465974528145254,9.044591471380445
752,4.366259632305066,2.8649600289015007
753,8.854560346455449,2.233049055446301
754,12.658805600759509,2.6479093109957197
755,13.220691500972618,3.5787305310187496
756,3.0974120252504185,10.54334322114672
757,3.7465974528145254,9.044591471380445
758,4.366259632305066,2.8649600289015007
759,8.854560346455449,2.233049055446301
760,12.658805600759509,2.6479093109957197
761,13.220691500972618,3.5787305310187496
762,3.0974120252504185,10.54334322114672
763,3.7465974528145254,9.044591471380445
764,4.366259632305066,2.8649600289015007
765,8.854560346455449,2.233049055446301
766,12.658805600759509,2.6479093109957197
767,13.220691500972618,3.5787305310187496
768,3.3837340451318276,9.214383228028153
769,3.930255539717501,6.18518387618318
770,4.430842422928224,3.5118716588918635
771,9.616709569417994,1.2962794505531654
772,12.181377387761614,2.2779492690018044
773,13.075167612720088,3.5249712268123132
774,3.3837340451318276,9.214383228028153
775,3.930255539717501,6.18518387618318
776,4.430842422928224,3.5118716588918635
777,9.616709569417994,1.2962794505531654
778,12.181377387761614,2.2779492690018044
779,13.075167612720088,3.5249712268123132
780,3.3837340451318276,9.214383228028153
781,3.930255539717501,6.18518387618318
782,4.430842422928224,3.5118716588918635
783,9.616709569417994,1.2962794505531654
784,12.181377387761614,2.2779492690018044
785,13.075167612720088,3.5249712268123132
786,3.3837340451318276,9.214383228028153
787,3.930255539717501,6.18518387618318
788,4.430842422928224,3.5118716588918635
789,9.616709569417994,1.2962794505531654
790,12.181377387761614,2.2779492690018044
791,13.075167612720088,3.5249712268123132
792,3.6139653098459528,8.713160642463741
793,3.955930933878166,5.099374675692386
794,4.494695808582266,5.35875137793874
795,10.332455669775854,0.4382065099028363
796,11.644905201862969,2.149306980210271
797,12.98111144904926,3.5047035672434594
798,3.6139653098459528,8.713160642463741
799,3.955930933878166,5.099374675692386
800,4.494695808582266,5.35875137793874
801,10.332455669775854,0.4382065099028363
802,11.644905201862969,2.149306980210271
803,12.98111144904926,3.5047035672434594
804,3.6139653098459528,8.713160642463741
805,3.955930933878166,5.099374675692386
806,4.494695808582266,5.35875137793874
807,10.332455669775854,0.4382065099028363
808,11.644905201862969,2.149306980210271
809,12.98111144904926,3.5047035672434594
810,3.6139653098459528,8.713160642463741
811,3.955930933878166,5.099374675692386
812,4.494695808582266,5.35875137793874
813,10.332455669775854,0.4382065099028363
814,11.644905201862969,2.149306980210271
815,12.98111144904926,3.5047035672434594
816,3.768880325292793,9.085300423724798
817,3.882229264433429,4.869358910964953
818,4.510127176173365,6.15420351429258
819,10.825910167272458,0.719434227902927
820,11.21123455143536,1.0352064453038228
821,12.95254678235512,3.5252245450247823
822,3.768880325292793,9.085300423724798
823,3.882229264433429,4.869358910964953
824,4.510127176173365,6.15420351429258
825,10.825910167272458,0.719434227902927
826,11.21123455143536,1.0352064453038228
827,12.95254678235512,3.5252245450247823
828,3.768880325292793,9.085300423724798
829,3.882229264433429,4.869358910964953
830,4.510127176173365,6.15420351429258
831,10.825910167272458,0.719434227902927
832,11.21123455143536,1.0352064453038228
833,12.95254678235512,3.5252245450247823
834,3.768880325292793,9.085300423724798
835,3.882229264433429,4.869358910964953
836,4.510127176173365,6.15420351429258
837,10.825910167272458,0.719434227902927
838,11.21123455143536,1.0352064453038228
839,12.95254678235512,3.5252245450247823
840,3.6822084314212615,8.737850840801572
841,3.8981240870176026,5.370397799055451
842,4.451872740464182,5.238278696545758
843,10.293067938193614,0.4689218782493678
844,11.680099999178017,2.1779442600178327
845,12.99388794294219,3.626291247272499
846,3.6822084314212615,8.737850840801572
847,3.8981240870176026,5.370397799055451
848,4.451872740464182,5.238278696545758
849,10.293067938193614,0.4689218782493678
850,11.680099999178017,2.1779442600178327
851,12.99388794294219,3.626291247272499
852,3.6822084314212615,8.737850840801572
853,3.8981240870176026,5.370397799055451
854,4.451872740464182,5.238278696545758
855,10.293067938193614,0.4689218782493678
856,11.680099999178017,2.1779442600178327
857,12.99388794294219,3.626291247272499
858,3.6822084314212615,8.737850840801572
859,3.8981240870176026,5.370397799055451
860,4.451872740464182,5.238278696545758
861,10.293067938193614,0.4689218782493678
862,11.680099999178017,2.1779442600178327
863,12.99388794294219,3.626291247272499
864,3.4640277423546544,10.1097402986217
865,3.8563879602089073,6.528609564315145
866,4.362670137282104,3.5650191189187868
867,9.574363520703685,1.2004414283336051
868,12.215430709351466,2.5595737897795625
869,13.098432453962053,3.69780401237974
870,3.4640277423546544,10.1097402986217
871,3.8563879602089073,6.528609564315145
872,4.362670137282104,3.5650191189187868
873,9.574363520703685,1.2004414283336051
874,12.215430709351466,2.5595737897795625
875,13.098432453962053,3.69780401237974
876,3.4640277423546544,10.1097402986217
877,3.8563879602089073,6.528609564315145
878,4.362670137282104,3.5650191189187868
879,9.574363520703685,1.2004414283336051
880,12.215430709351466,2.5595737897795625
881,13.098432453962053,3.69780401237974
882,3.4640277423546544,10.1097402986217
883,3.8563879602089073,6.528609564315145
884,4.362670137282104,3.5650191189187868
885,9.574363520703685,1.2004414283336051
886,12.215430709351466,2.5595737897795625
887,13.098432453962053,3.69780401237974
888,3.186570440194249,12.483646600784986
889,3.639983670224025,9.473087465154995
890,4.297776157807364,2.9597480337344155
891,8.810636006660905,1.954830458609532
892,12.690595385645025,2.561433177446932
893,13.250676058913502,3.7182301644526485
894,3.186570440194249,12.483646600784986
895,3.639983670224025,9.473087465154995
896,4.297776157807364,2.9597480337344155
897,8.810636006660905,1.954830458609532
898,12.690595385645025,2.561433177446932
899,13.250676058913502,3.7182301644526485
900,3.186570440194249,12.483646600784986
901,3.639983670224025,9.473087465154995
902,4.297776157807364,2.9597480337344155
903,8.810636006660905,1.954830458609532
904,12.690595385645025,2.561433177446932
905,13.250676058913502,3.7182301644526485
906,3.186570440194249,12.483646600784986
907,3.639983670224025,9.473087465154995
908,4.297776157807364,2.9597480337344155
909,8.810636006660905,1.954830458609532
910,12.690595385645025,2.561433177446932
911,13.250676058913502,3.7182301644526485
912,2.8508783415847336,13.002302638939282
913,3.2951290443890247,11.871944855925019
914,4.217536720040383,2.556005054099939
915,8.036664936397568,0.3546458519487372
916,13.098930763380462,2.420553415492406
917,13.430823327240347,3.243919687384372
918,2.8508783415847336,13.002302638939282
919,3.2951290443890247,11.871944855925019
920,4.217536720040383,2.556005054099939
921,8.036664936397568,0.3546458519487372
922,13.098930763380462,2.420553415492406
923,13.430823327240347,3.243919687384372
924,2.8508783415847336,13.002302638939282
925,3.2951290443890247,11.871944855925019
926,4.217536720040383,2.556005054099939
927,8.036664936397568,0.3546458519487372
928,13.098930763380462,2.420553415492406
929,13.430823327240347,3.243919687384372
930,2.8508783415847336,13.002302638939282
931,3.2951290443890247,11.871944855925019
932,4.217536720040383,2.556005054099939
933,8.036664936397568,0.3546458519487372
934,13.098930763380462,2.420553415492406
935,13.430823327240347,3.243919687384372
936,2.4566223266490406,19.106486205621433
937,2.88554381183134,13.762326103197987
938,4.054050044487337,3.1086427401813723
939,7.30238539409114,0.7028116135021959
940,13.439674631497496,2.266658642344183
941,13.618945033870496,3.243988368668386
942,2.4566223266490406,19.106486205621433
943,2.88554381183134,13.762326103197987
944,4.054050044487337,3.1086427401813723
945,7.30238539409114,0.7028116135021959
946,13.439674631497496,2.266658642344183
947,13.618945033870496,3.243988368668386
948,2.4566223266490406,19.106486205621433
949,2.88554381183134,13.762326103197987
950,4.054050044487337,3.1086427401813723
951,7.30238539409114,0.7028116135021959
952,13.439674631497496,2.266658642344183
953,13.618945033870496,3.243988368668386
954,2.4566223266490406,19.106486205621433
955,2.88554381183134,13.762326103197987
956,4.054050044487337,3.1086427401813723
957,7.30238539409114,0.7028116135021959
958,13.439674631497496,2.266658642344183
959,13.618945033870496,3.243988368668386
960,2.0161873615155503,16.345918484157497
961,2.444483918638367,23.449838903842217
962,3.745136253082323,3.577045030626412
963,6.67969665870016,1.1091343056367702
964,13.713453533848591,2.5716773390951264
965,13.797469813476148,3.175598568660097
966,2.0161873615155503,16.345918484157497
967,2.444483918638367,23.449838903842217
968,3.745136253082323,3.577045030626412
969,6.67969665870016,1.1091343056367702
970,13.713453533848591,2.5716773390951264
971,13.797469813476148,3.175598568660097
972,2.0161873615155503,16.345918484157497
973,2.444483918638367,23.449838903842217
974,3.745136253082323,3.577045030626412
975,6.67969665870016,1.1091343056367702
976,13.713453533848591,2.5716773390951264
977,13.797469813476148,3.175598568660097
978,2.0161873615155503,16.345918484157497
979,2.444483918638367,23.449838903842217
980,3.745136253082323,3.577045030626412
981,6.67969665870016,1.1091343056367702
982,13.713453533848591,2.5716773390951264
983,13.797469813476148,3.175598568660097
984,1.5682154966372082,18.648099246399745
985,1.9810361985447398,38.12790987108536
986,3.256480476073458,5.71685187743267
987,6.233322844258042,0.7656332131855748
988,13.921356083993816,2.684920783966052
989,13.9521635777809,2.7499419860528147
990,1.5682154966372082,18.648099246399745
991,1.9810361985447398,38.12790987108536
992,3.256480476073458,5.71685187743267
993,6.233322844258042,0.7656332131855748
994,13.921356083993816,2.684920783966052
995,13.9521635777809,2.7499419860528147
996,1.5682154966372082,18.648099246399745
997,1.9810361985447398,38.12790987108536
998,3.256480476073458,5.71685187743267
999,6.233322844258042,0.7656332131855748
1000,13.921356083993816,2.684920783966052
1001,13.9521635777809,2.7499419860528147
1002,1.5682154966372082,18.648099246399745
1003,1.9810361985447398,38.12790987108536
1004,3.256480476073458,5.71685187743267
1005,6.233322844258042,0.7656332131855748
1006,13.921356083993816,2.684920783966052
1007,13.9521635777809,2.7499419860528147
1008,1.190897185190358,19.823461236899952
1009,1.4957579608728144,52.636612505523516
1010,2.6421042594300035,10.566251254999436
1011,5.967226000935704,0.8436533567588225
1012,14.064119973816924,2.4955494546804595
1013,14.072695922434017,2.6256859350107495
1014,1.190897185190358,19.823461236899952
1015,1.4957579608728144,52.636612505523516
1016,2.6421042594300035,10.566251254999436
1017,5.967226000935704,0.8436533567588225
1018,14.064119973816924,2.4955494546804595
1019,14.072695922434017,2.6256859350107495
1020,1.190897185190358,19.823461236899952
1021,1.4957579608728144,52.636612505523516
1022,2.6421042594300035,10.566251254999436
1023,5.967226000935704,0.8436533567588225
1024,14.064119973816924,2.4955494546804595
1025,14.072695922434017,2.6256859350107495
1026,1.190897185190358,19.823461236899952
1027,1.4957579608728144,52.636612505523516
1028,2.6421042594300035,10.566251254999436
1029,5.967226000935704,0.8436533567588225
1030,14.064119973816924,2.4955494546804595
1031,14.072695922434017,2.6256859350107495
1032,0.9891281359762285,46.90037724651686
1033,1.0348987170282098,58.6570458955686
1034,2.063473250695544,40.01030953536899
1035,5.836252209959318,0.8262563763449944
1036,14.144195688990811,2.6037689005344475
1037,14.150183933619406,2.6442620223913362
1038,0.9891281359762285,46.90037724651686
1039,1.0348987170282098,58.6570458955686
1040,2.063473250695544,40.01030953536899
1041,5.836252209959318,0.8262563763449944
1042,14.144195688990811,2.6037689005344475
1043,14.150183933619406,2.6442620223913362
1044,2.323369071669529,23.28952723983691
1045,3.128689724942521,10.832283882908024
1046,4.049155712466043,2.7350370805752227
1047,7.2496583969526585,0.6754665768050666
1048,13.436839040987381,2.4535379542497746
1049,13.609747519635965,2.7465267532728337
1050,2.323369071669529,23.28952723983691
1051,3.128689724942521,10.832283882908024
1052,4.049155712466043,2.7350370805752227
1053,7.2496583969526585,0.6754665768050666
1054,13.436839040987381,2.4535379542497746
1055,13.609747519635965,2.7465267532728337
1056,2.6851013738881364,14.831288645910897
1057,3.650557692497639,8.057342920061703
1058,4.1960225617527085,2.856487476279689
1059,7.881454021169485,0.2664590019147592
1060,13.115806060026827,2.346838549302572
1061,13.437905055778915,3.1377006538477192
1062,2.6851013738881364,14.831288645910897
1063,3.650557692497639,8.057342920061703
1064,4.1960225617527085,2.856487476279689
1065,7.881454021169485,0.2664590019147592
1066,13.115806060026827,2.346838549302572
1067,13.437905055778915,3.1377006538477192
1068,2.6851013738881364,14.831288645910897
1069,3.650557692497639,8.057342920061703
1070,4.1960225617527085,2.856487476279689
1071,7.881454021169485,0.2664590019147592
1072,13.115806060026827,2.346838549302572
1073,13.437905055778915,3.1377006538477192
1074,2.6851013738881364,14.831288645910897
1075,3.650557692497639,8.057342920061703
1076,4.1960225617527085,2.856487476279689
1077,7.881454021169485,0.2664590019147592
1078,13.115806060026827,2.346838549302572
1079,13.437905055778915,3.1377006538477192
1080,3.013700464249079,10.132093367284913
1081,4.023591957949757,4.620935387414687
1082,4.350506779921557,3.3608418946814025
1083,8.564141605385402,1.0066479774196468
1084,12.729508064020093,2.3745781263623744
1085,13.269608737488275,3.5119075799977684
1086,3.013700464249079,10.132093367284913
1087,4.023591957949757,4.620935387414687
1088,4.350506779921557,3.3608418946814025
1089,8.564141605385402,1.0066479774196468
1090,12.729508064020093,2.3745781263623744
1091,13.269608737488275,3.5119075799977684
1092,3.013700464249079,10.132093367284913
1093,4.023591957949757,4.620935387414687
1094,4.350506779921557,3.3608418946814025
1095,8.564141605385402,1.0066479774196468
1096,12.729508064020093,2.3745781263623744
1097,13.269608737488275,3.5119075799977684
1098,3.013700464249079,10.132093367284913
1099,4.023591957949757,4.620935387414687
1100,4.350506779921557,3.3608418946814025
1101,8.564141605385402,1.0066479774196468
1102,12.729508064020093,2.3745781263623744
1103,13.269608737488275,3.5119075799977684
1104,3.297341133137147,8.290462507994038
1105,4.110375084440866,2.8071422611504167
1106,4.641682872004832,5.059927963422622
1107,9.258265598700019,2.0447716083901826
1108,12.281455738751717,2.548398316602224
1109,13.122083779200196,3.589157835769838
1110,3.297341133137147,8.290462507994038
1111,4.110375084440866,2.8071422611504167
1112,4.641682872004832,5.059927963422622
1113,9.258265598700019,2.0447716083901826
1114,12.281455738751717,2.548398316602224
1115,13.122083779200196,3.589157835769838
1116,3.297341133137147,8.290462507994038
1117,4.110375084440866,2.8071422611504167
1118,4.641682872004832,5.059927963422622
1119,9.258265598700019,2.0447716083901826
1120,12.281455738751717,2.548398316602224
1121,13.122083779200196,3.589157835769838
1122,3.297341133137147,8.290462507994038
1123,4.110375084440866,2.8071422611504167
1124,4.641682872004832,5.059927963422622
1125,9.258265598700019,2.0447716083901826
1126,12.281455738751717,2.548398316602224
1127,13.122083779200196,3.589157835769838
1128,3.5318113206341337,7.553676549873948
1129,4.071705818190956,3.0366990811787895
1130,4.893883424385875,7.467827627509501
1131,9.933973212603586,0.4596028450374118
1132,11.779190463497132,2.1987113189474665
1133,13.013431937691763,3.727830546630101
1134,3.5318113206341337,7.553676549873948
1135,4.071705818190956,3.0366990811787895
1136,4.893883424385875,7.467827627509501
1137,9.933973212603586,0.4596028450374118
1138,11.779190463497132,2.1987113189474665
1139,13.013431937691763,3.727830546630101
1140,3.5318113206341337,7.553676549873948
1141,4.071705818190956,3.0366990811787895
1142,4.893883424385875,7.467827627509501
1143,9.933973212603586,0.4596028450374118
1144,11.779190463497132,2.1987113189474665
1145,13.013431937691763,3.727830546630101
1146,3.5318113206341337,7.553676549873948
1147,4.071705818190956,3.0366990811787895
1148,4.893883424385875,7.467827627509501
1149,9.933973212603586,0.4596028450374118
1150,11.779190463497132,2.1987113189474665
1151,13.013431937691763,3.727830546630101
1152,3.7132691677100715,7.618267943985433
1153,3.9842807423969697,3.8574692594323383
1154,5.017870476194748,8.498211050995662
1155,10.542281076010902,0.5511891293282631
1156,11.25934371122504,1.5004960355947168
1157,12.959266301507686,3.882630391587912
1158,3.7132691677100715,7.618267943985433
1159,3.9842807423969697,3.8574692594323383
1160,5.017870476194748,8.498211050995662
1161,10.542281076010902,0.5511891293282631
1162,11.25934371122504,1.5004960355947168
1163,12.959266301507686,3.882630391587912
1164,3.7132691677100715,7.618267943985433
1165,3.9842807423969697,3.8574692594323383
1166,5.017870476194748,8.498211050995662
1167,10.542281076010902,0.5511891293282631
1168,11.25934371122504,1.5004960355947168
1169,12.959266301507686,3.882630391587912
1170,3.7132691677100715,7.618267943985433
1171,3.9842807423969697,3.8574692594323383
1172,5.017870476194748,8.498211050995662
1173,10.542281076010902,0.5511891293282631
1174,11.25934371122504,1.5004960355947168
1175,12.959266301507686,3.882630391587912
1176,3.7835388312862746,8.418426553041458
1177,3.9187371242507636,3.7994231714692153
1178,4.992542341865002,8.418875786403405
1179,10.500834486325841,0.5952585399011223
1180,11.29874510439644,1.441669568577841
1181,12.96809696964124,3.950891193552868
1182,3.7835388312862746,8.418426553041458
1183,3.9187371242507636,3.7994231714692153
1184,4.992542341865002,8.418875786403405
1185,10.500834486325841,0.5952585399011223
1186,11.29874510439644,1.441669568577841
1187,12.96809696964124,3.950891193552868
1188,3.7835388312862746,8.418426553041458
1189,3.9187371242507636,3.7994231714692153
1190,4.992542341865002,8.418875786403405
1191,10.500834486325841,0.5952585399011223
1192,11.29874510439644,1.441669568577841
1193,12.96809696964124,3.950891193552868
1194,3.7835388312862746,8.418426553041458
1195,3.9187371242507636,3.7994231714692153
1196,4.992542341865002,8.418875786403405
1197,10.500834486325841,0.5952585399011223
1198,11.29874510439644,1.441669568577841
1199,12.96809696964124,3.950891193552868
1200,3.635075719791818,8.769999982537373
1201,3.981318536840961,3.4615284568195226
1202,4.821814075165208,7.066934472071949
1203,9.88209456499483,0.49573376493268273
1204,11.824728392985987,2.1714893720314663
1205,13.03814049609508,3.844720530402324
1206,3.635075719791818,8.769999982537373
1207,3.981318536840961,3.4615284568195226
1208,4.821814075165208,7.066934472071949
1209,9.88209456499483,0.49573376493268273
1210,11.824728392985987,2.1714893720314663
1211,13.03814049609508,3.844720530402324
1212,3.635075719791818,8.769999982537373
1213,3.981318536840961,3.4615284568195226
1214,4.821814075165208,7.066934472071949
1215,9.88209456499483,0.49573376493268273
1216,11.824728392985987,2.1714893720314663
1217,13.03814049609508,3.844720530402324
1218,3.635075719791818,8.769999982537373
1219,3.981318536840961,3.4615284568195226
1220,4.821814075165208,7.066934472071949
1221,9.88209456499483,0.49573376493268273
1222,11.824728392985987,2.1714893720314663
1223,13.03814049609508,3.844720530402324
1224,3.4126549924436707,9.797586183728216
1225,4.008840858335323,3.1108215972465265
1226,4.537048822920813,6.047617150545428
1227,9.202502699206587,2.124363889293207
1228,12.326106269762457,2.4635147564937165
1229,13.15806739025618,3.7228550852890363
1230,3.4126549924436707,9.797586183728216
1231,4.008840858335323,3.1108215972465265
1232,4.537048822920813,6.047617150545428
1233,9.202502699206587,2.124363889293207
1234,12.326106269762457,2.4635147564937165
1235,13.15806739025618,3.7228550852890363
1236,3.4126549924436707,9.797586183728216
1237,4.008840858335323,3.1108215972465265
1238,4.537048822920813,6.047617150545428
1239,9.202502699206587,2.124363889293207
1240,12.326106269762457,2.4635147564937165
1241,13.15806739025618,3.7228550852890363
1242,3.4126549924436707,9.797586183728216
1243,4.008840858335323,3.1108215972465265
1244,4.537048822920813,6.047617150545428
1245,9.202502699206587,2.124363889293207
1246,12.326106269762457,2.4635147564937165
1247,13.15806739025618,3.7228550852890363
1248,3.137186073049468,13.14989180174815
1249,3.884797194852703,5.411799779127062
1250,4.252422379419927,3.3616518191776397
1251,8.505181236348978,0.7745212667402914
1252,12.772278548003756,2.1944437070839182
1253,13.311088584242363,3.635968284738993
1254,3.137186073049468,13.14989180174815
1255,3.884797194852703,5.411799779127062
1256,4.252422379419927,3.3616518191776397
1257,8.505181236348978,0.7745212667402914
1258,12.772278548003756,2.1944437070839182
1259,13.311088584242363,3.635968284738993
1260,3.137186073049468,13.14989180174815
1261,3.884797194852703,5.411799779127062
1262,4.252422379419927,3.3616518191776397
1263,8.505181236348978,0.7745212667402914
1264,12.772278548003756,2.1944437070839182
1265,13.311088584242363,3.635968284738993
1266,3.137186073049468,13.14989180174815
1267,3.884797194852703,5.411799779127062
1268,4.252422379419927,3.3616518191776397
1269,8.505181236348978,0.7745212667402914
1270,12.772278548003756,2.1944437070839182
1271,13.311088584242363,3.635968284738993
1272,2.8089073599310983,11.739751910549202
1273,3.4878232210852524,8.242325411892024
1274,4.10819486064029,3.1496872972866448
1275,7.820810359808232,0.18569082382993773
1276,13.15583214983305,2.5805195582198297
1277,13.479402648219855,3.450959755556491
1278,2.8089073599310983,11.739751910549202
1279,3.4878232210852524,8.242325411892024
1280,4.10819486064029,3.1496872972866448
1281,7.820810359808232,0.18569082382993773
1282,13.15583214983305,2.5805195582198297
1283,13.479402648219855,3.450959755556491
1284,2.8089073599310983,11.739751910549202
1285,3.4878232210852524,8.242325411892024
1286,4.10819486064029,3.1496872972866448
1287,7.820810359808232,0.18569082382993773
1288,13.15583214983305,2.5805195582198297
1289,13.479402648219855,3.450959755556491
1290,2.8089073599310983,11.739751910549202
1291,3.4878232210852524,8.242325411892024
1292,4.10819486064029,3.1496872972866448
1293,7.820810359808232,0.18569082382993773
1294,13.15583214983305,2.5805195582198297
1295,13.479402648219855,3.450959755556491
1296,2.433032830496517,22.107306293650314
1297,2.981551741947046,10.940140300740037
1298,3.954627678731896,3.0824016074827245
1299,7.1909112046095,0.859408840067901
1300,13.47310579968526,2.613285296135512
1301,13.64687368601019,3.035872468791862
1302,2.433032830496517,22.107306293650314
1303,2.981551741947046,10.940140300740037
1304,3.954627678731896,3.0824016074827245
1305,7.1909112046095,0.859408840067901
1306,13.47310579968526,2.613285296135512
1307,13.64687368601019,3.035872468791862
1308,2.433032830496517,22.107306293650314
1309,2.981551741947046,10.940140300740037
1310,3.954627678731896,3.0824016074827245
1311,7.1909112046095,0.859408840067901
1312,13.47310579968526,2.613285296135512
1313,13.64687368601019,3.035872468791862
1314,2.433032830496517,22.107306293650314
1315,2.981551741947046,10.940140300740037
1316,3.954627678731896,3.0824016074827245
1317,7.1909112046095,0.859408840067901
1318,13.47310579968526,2.613285296135512
1319,13.64687368601019,3.035872468791862
1320,2.035506947039984,17.295211499459445
1321,2.4591000902427727,24.85181188456799
1322,3.7059880739229523,3.6360366021331774
1323,6.6671060969037965,1.1247718212111153
1324,13.722419912150135,2.547637620131058
1325,13.799830545597667,3.283074842412075
1326,2.035506947039984,17.295211499459445
1327,2.4591000902427727,24.85181188456799
1328,3.7059880739229523,3.6360366021331774
1329,6.6671060969037965,1.1247718212111153
1330,13.722419912150135,2.547637620131058
1331,13.799830545597667,3.283074842412075
1332,2.035506947039984,17.295211499459445
1333,2.4591000902427727,24.85181188456799
1334,3.7059880739229523,3.6360366021331774
1335,6.6671060969037965,1.1247718212111153
1336,13.722419912150135,2.547637620131058
1337,13.799830545597667,3.283074842412075
1338,2.035506947039984,17.295211499459445
1339,2.4591000902427727,24.85181188456799
1340,3.7059880739229523,3.6360366021331774
1341,6.6671060969037965,1.1247718212111153
1342,13.722419912150135,2.547637620131058
1343,13.799830545597667,3.283074842412075
1344,1.6873741996384843,19.069863163044495
1345,1.9563565372542868,30.624299103912957
1346,3.348270996988658,5.266341043240135
1347,6.2905877177063925,0.7944091751461754
1348,13.9037716906741,2.6379087809000974
1349,13.926874225174988,2.877175441807311
1350,1.6873741996384843,19.069863163044495
1351,1.9563565372542868,30.624299103912957
1352,3.348270996988658,5.266341043240135
1353,6.2905877177063925,0.7944091751461754
1354,13.9037716906741,2.6379087809000974
1355,13.926874225174988,2.877175441807311
1356,1.6873741996384843,19.069863163044495
1357,1.9563565372542868,30.624299103912957
1358,3.348270996988658,5.266341043240135
1359,6.2905877177063925,0.7944091751461754
1360,13.9037716906741,2.6379087809000974
1361,13.926874225174988,2.877175441807311
1362,1.6873741996384843,19.069863163044495
1363,1.9563565372542868,30.624299103912957
1364,3.348270996988658,5.266341043240135
1365,6.2905877177063925,0.7944091751461754
1366,13.9037716906741,2.6379087809000974
1367,13.926874225174988,2.877175441807311
1368,1.4775858592629947,24.041408454944982
1369,1.5293694569195153,31.771493498122222
1370,2.9398063951040285,7.718984952806232
1371,6.065469990693979,0.8140858077994536
1372,14.016505414465808,2.64292113780693
1373,14.02066580595109,2.7003863476334717
1374,1.4775858592629947,24.041408454944982
1375,1.5293694569195153,31.771493498122222
1376,2.9398063951040285,7.718984952806232
1377,6.065469990693979,0.8140858077994536
1378,14.016505414465808,2.64292113780693
1379,14.02066580595109,2.7003863476334717
1380,2.984478368413976,10.278452889380507
1381,4.2148650311608975,2.594303476493118
1382,4.269480031042999,8.730133712293116
1383,8.452492006153415,0.8695877828525332
1384,12.75150694004512,2.3380592829631834
1385,13.287579037359196,3.33797698024948
1386,2.984478368413976,10.278452889380507
1387,4.2148650311608975,2.594303476493118
1388,4.269480031042999,8.730133712293116
1389,8.452492006153415,0.8695877828525332
1390,12.75150694004512,2.3380592829631834
1391,13.287579037359196,3.33797698024948
1392,3.251615427038181,7.61614592355029
1393,4.193291493610067,1.7373431724020125
1394,4.818406615897633,6.993509485804789
1395,9.035098184200274,1.939688808885528
1396,12.327208693255242,2.1384994034827587
1397,13.150084769163257,3.631321875941358
1398,3.251615427038181,7.61614592355029
1399,4.193291493610067,1.7373431724020125
1400,4.818406615897633,6.993509485804789
1401,9.035098184200274,1.939688808885528
1402,12.327208693255242,2.1384994034827587
1403,13.150084769163257,3.631321875941358
1404,3.251615427038181,7.61614592355029
1405,4.193291493610067,1.7373431724020125
1406,4.818406615897633,6.993509485804789
1407,9.035098184200274,1.939688808885528
1408,12.327208693255242,2.1384994034827587
1409,13.150084769163257,3.631321875941358
1410,3.251615427038181,7.61614592355029
1411,4.193291493610067,1.7373431724020125
1412,4.818406615897633,6.993509485804789
1413,9.035098184200274,1.939688808885528
1414,12.327208693255242,2.1384994034827587
1415,13.150084769163257,3.631321875941358
1416,3.4776529905753533,6.553299401886799
1417,4.1391825322119535,2.419463566073407
1418,5.248838470184405,7.232369324073712
1419,9.61518254525409,1.6308635434584404
1420,11.853857544962915,2.1815764020107733
1421,13.040025126054777,4.061671972473382
1422,3.4776529905753533,6.553299401886799
1423,4.1391825322119535,2.419463566073407
1424,5.248838470184405,7.232369324073712
1425,9.61518254525409,1.6308635434584404
1426,11.853857544962915,2.1815764020107733
1427,13.040025126054777,4.061671972473382
1428,3.4776529905753533,6.553299401886799
1429,4.1391825322119535,2.419463566073407
1430,5.248838470184405,7.232369324073712
1431,9.61518254525409,1.6308635434584404
1432,11.853857544962915,2.1815764020107733
1433,13.040025126054777,4.061671972473382
1434,3.4776529905753533,6.553299401886799
1435,4.1391825322119535,2.419463566073407
1436,5.248838470184405,7.232369324073712
1437,9.61518254525409,1.6308635434584404
1438,11.853857544962915,2.1815764020107733
1439,13.040025126054777,4.061671972473382
1440,3.659376325270146,6.868471740839482
1441,4.060393874418248,3.253001426616622
1442,5.515718468000093,7.528692991671901
1443,10.174713596440496,0.56701624470711
1444,11.354209808467713,1.7094814472618771
1445,12.971412116830233,4.034782822055338
1446,3.659376325270146,6.868471740839482
1447,4.060393874418248,3.253001426616622
1448,5.515718468000093,7.528692991671901
1449,10.174713596440496,0.56701624470711
1450,11.354209808467713,1.7094814472618771
1451,12.971412116830233,4.034782822055338
1452,3.659376325270146,6.868471740839482
1453,4.060393874418248,3.253001426616622
1454,5.515718468000093,7.528692991671901
1455,10.174713596440496,0.56701624470711
1456,11.354209808467713,1.7094814472618771
1457,12.971412116830233,4.034782822055338
1458,3.659376325270146,6.868471740839482
1459,4.060393874418248,3.253001426616622
1460,5.515718468000093,7.528692991671901
1461,10.174713596440496,0.56701624470711
1462,11.354209808467713,1.7094814472618771
1463,12.971412116830233,4.034782822055338
1464,3.7875108579731838,6.927563076546285
1465,3.969132995148225,3.9271381451907206
1466,5.589532361417509,8.888263791708045
1467,10.533780119656704,0.5557601789124894
1468,11.013926003514433,0.9894611352823507
1469,12.954228558684227,4.185185189569228
1470,3.7875108579731838,6.927563076546285
1471,3.969132995148225,3.9271381451907206
1472,5.589532361417509,8.888263791708045
1473,10.533780119656704,0.5557601789124894
1474,11.013926003514433,0.9894611352823507
1475,12.954228558684227,4.185185189569228
1476,3.7875108579731838,6.927563076546285
1477,3.969132995148225,3.9271381451907206
1478,5.589532361417509,8.888263791708045
1479,10.533780119656704,0.5557601789124894
1480,11.013926003514433,0.9894611352823507
1481,12.954228558684227,4.185185189569228
1482,3.7875108579731838,6.927563076546285
1483,3.969132995148225,3.9271381451907206
1484,5.589532361417509,8.888263791708045
1485,10.533780119656704,0.5557601789124894
1486,11.013926003514433,0.9894611352823507
1487,12.954228558684227,4.185185189569228
1488,3.765697650867141,7.48767972750336
1489,3.962801452745866,3.670450557837269
1490,5.462417686209067,7.932411437537794
1491,10.125676299796766,0.6447500410486945
1492,11.401391498915418,1.6858610385421202
1493,12.99077719162392,4.184529228017226
1494,3.765697650867141,7.48767972750336
1495,3.962801452745866,3.670450557837269
1496,5.462417686209067,7.932411437537794
1497,10.125676299796766,0.6447500410486945
1498,11.401391498915418,1.6858610385421202
1499,12.99077719162392,4.184529228017226
1500,3.765697650867141,7.48767972750336
1501,3.962801452745866,3.670450557837269
1502,5.462417686209067,7.932411437537794
1503,10.125676299796766,0.6447500410486945
1504,11.401391498915418,1.6858610385421202
1505,12.99077719162392,4.184529228017226
1506,3.765697650867141,7.48767972750336
1507,3.962801452745866,3.670450557837269
1508,5.462417686209067,7.932411437537794
1509,10.125676299796766,0.6447500410486945
1510,11.401391498915418,1.6858610385421202
1511,12.99077719162392,4.184529228017226
1512,3.6040327457492713,8.288663228939031
1513,4.029844617610098,2.968640104685753
1514,5.150101144981371,8.940238114143098
1515,9.558771791780899,1.4077402594501847
1516,11.904575519814287,2.088247180357644
1517,13.074712164310265,4.337823649141955
1518,3.6040327457492713,8.288663228939031
1519,4.029844617610098,2.968640104685753
1520,5.150101144981371,8.940238114143098
1521,9.558771791780899,1.4077402594501847
1522,11.904575519814287,2.088247180357644
1523,13.074712164310265,4.337823649141955
1524,3.6040327457492713,8.288663228939031
1525,4.029844617610098,2.968640104685753
1526,5.150101144981371,8.940238114143098
1527,9.558771791780899,1.4077402594501847
1528,11.904575519814287,2.088247180357644
1529,13.074712164310265,4.337823649141955
1530,3.6040327457492713,8.288663228939031
1531,4.029844617610098,2.968640104685753
1532,5.150101144981371,8.940238114143098
1533,9.558771791780899,1.4077402594501847
1534,11.904575519814287,2.088247180357644
1535,13.074712164310265,4.337823649141955
1536,3.3886206116025908,9.593068792470419
1537,4.0800865903417325,2.2277717776451045
1538,4.687379393231161,9.183185976139841
1539,8.971759224888602,2.0471162631885895
1540,12.378592092940318,2.2390581063235153
1541,13.19371019104843,3.6525119513334725
1542,3.3886206116025908,9.593068792470419
1543,4.0800865903417325,2.2277717776451045
1544,4.687379393231161,9.183185976139841
1545,8.971759224888602,2.0471162631885895
1546,12.378592092940318,2.2390581063235153
1547,13.19371019104843,3.6525119513334725
1548,3.3886206116025908,9.593068792470419
1549,4.0800865903417325,2.2277717776451045
1550,4.687379393231161,9.183185976139841
1551,8.971759224888602,2.0471162631885895
1552,12.378592092940318,2.2390581063235153
1553,13.19371019104843,3.6525119513334725
1554,3.3886206116025908,9.593068792470419
1555,4.0800865903417325,2.2277717776451045
1556,4.687379393231161,9.183185976139841
1557,8.971759224888602,2.0471162631885895
1558,12.378592092940318,2.2390581063235153
1559,13.19371019104843,3.6525119513334725
1560,3.1272577234065926,13.146878283943112
1561,4.0930991223383115,3.0174406718033753
1562,4.127539160366396,5.298271560609585
1563,8.382890344854495,0.4066122847426959
1564,12.801930116878173,2.4844552997975273
1565,13.333445845352053,3.524222121307216
1566,3.1272577234065926,13.146878283943112
1567,4.0930991223383115,3.0174406718033753
1568,4.127539160366396,5.298271560609585
1569,8.382890344854495,0.4066122847426959
1570,12.801930116878173,2.4844552997975273
1571,13.333445845352053,3.524222121307216
1572,3.1272577234065926,13.146878283943112
1573,4.0930991223383115,3.0174406718033753
1574,4.127539160366396,5.298271560609585
1575,8.382890344854495,0.4066122847426959
1576,12.801930116878173,2.4844552997975273
1577,13.333445845352053,3.524222121307216
1578,3.1272577234065926,13.146878283943112
1579,4.0930991223383115,3.0174406718033753
1580,4.127539160366396,5.298271560609585
1581,8.382890344854495,0.4066122847426959
1582,12.801930116878173,2.4844552997975273
1583,13.333445845352053,3.524222121307216
1584,2.8243694730975135,11.15078131032164
1585,3.5051858339078423,11.680972880635045
1586,4.077551548134951,3.0914817080954125
1587,7.808926952523493,0.348406506486576
1588,13.163691886903466,2.6487667653210827
1589,13.480252040736739,3.485774469934435
1590,2.8243694730975135,11.15078131032164
1591,3.5051858339078423,11.680972880635045
1592,4.077551548134951,3.0914817080954125
1593,7.808926952523493,0.348406506486576
1594,13.163691886903466,2.6487667653210827
1595,13.480252040736739,3.485774469934435
1596,2.8243694730975135,11.15078131032164
1597,3.5051858339078423,11.680972880635045
1598,4.077551548134951,3.0914817080954125
1599,7.808926952523493,0.348406506486576
1600,13.163691886903466,2.6487667653210827
1601,13.480252040736739,3.485774469934435
1602,2.8243694730975135,11.15078131032164
1603,3.5051858339078423,11.680972880635045
1604,4.077551548134951,3.0914817080954125
1605,7.808926952523493,0.348406506486576
1606,13.163691886903466,2.6487667653210827
1607,13.480252040736739,3.485774469934435
1608,2.49312631312959,19.149850799650334
1609,2.9056437226939034,14.864445040803352
1610,3.9948399266446266,3.172743297991669
1611,7.276233562149581,0.766474100779177
1612,13.45761096648208,2.450649328187099
1613,13.621932240928713,2.8883672831413314
1614,2.49312631312959,19.149850799650334
1615,2.9056437226939034,14.864445040803352
1616,3.9948399266446266,3.172743297991669
1617,7.276233562149581,0.766474100779177
1618,13.45761096648208,2.450649328187099
1619,13.621932240928713,2.8883672831413314
1620,2.49312631312959,19.149850799650334
1621,2.9056437226939034,14.864445040803352
1622,3.9948399266446266,3.172743297991669
1623,7.276233562149581,0.766474100779177
1624,13.45761096648208,2.450649328187099
1625,13.621932240928713,2.8883672831413314
1626,2.49312631312959,19.149850799650334
1627,2.9056437226939034,14.864445040803352
1628,3.9948399266446266,3.172743297991669
1629,7.276233562149581,0.766474100779177
1630,13.45761096648208,2.450649328187099
1631,13.621932240928713,2.8883672831413314
1632,2.175668078692395,33.29888760167718
1633,2.3860180358369143,23.099926305368932
1634,3.834336584368547,3.552775578720619
1635,6.822514577583834,1.2476064924185242
1636,13.680860595293947,2.7947293476899664
1637,13.747658605594092,3.0236319622122854
1638,2.175668078692395,33.29888760167718
1639,2.3860180358369143,23.099926305368932
1640,3.834336584368547,3.552775578720619
1641,6.822514577583834,1.2476064924185242
1642,13.680860595293947,2.7947293476899664
1643,13.747658605594092,3.0236319622122854
1644,2.175668078692395,33.29888760167718
1645,2.3860180358369143,23.099926305368932
1646,3.834336584368547,3.552775578720619
1647,6.822514577583834,1.2476064924185242
1648,13.680860595293947,2.7947293476899664
1649,13.747658605594092,3.0236319622122854
1650,2.175668078692395,33.29888760167718
1651,2.3860180358369143,23.099926305368932
1652,3.834336584368547,3.552775578720619
1653,6.822514577583834,1.2476064924185242
1654,13.680860595293947,2.7947293476899664
1655,13.747658605594092,3.0236319622122854
1656,1.9543835842451585,12.759713309158428
1657,1.9967754405950853,19.015169845373546
1658,3.5970395362130696,4.358136329219732
1659,6.486853541866792,0.9045545052815219
1660,13.831411850535572,2.943369553852606
1661,13.849667170635074,2.9869460285643146
1662,1.9543835842451585,12.759713309158428
1663,1.9967754405950853,19.015169845373546
1664,3.5970395362130696,4.358136329219732
1665,6.486853541866792,0.9045545052815219
1666,13.831411850535572,2.943369553852606
1667,13.849667170635074,2.9869460285643146
1668,3.458833522787548,6.542254293122884
1669,4.161439472715353,2.3600460752671286
1670,5.393379973781617,7.529488055422224
1671,9.488502620429355,1.4135301445542918
1672,11.877488101036825,1.8378563476461867
1673,13.050251954412614,4.109951351243371
1674,3.458833522787548,6.542254293122884
1675,4.161439472715353,2.3600460752671286
1676,5.393379973781617,7.529488055422224
1677,9.488502620429355,1.4135301445542918
1678,11.877488101036825,1.8378563476461867
1679,13.050251954412614,4.109951351243371
1680,3.629222656998575,5.449148104528715
1681,4.10037045923178,2.883121481558057
1682,5.833997820976068,6.571983912390889
1683,9.929785144084084,0.2246046040066432
1684,11.40403622818307,1.7125880817634835
1685,12.980328662261343,3.936326417099325
1686,3.629222656998575,5.449148104528715
1687,4.10037045923178,2.883121481558057
1688,5.833997820976068,6.571983912390889
1689,9.929785144084084,0.2246046040066432
1690,11.40403622818307,1.7125880817634835
1691,12.980328662261343,3.936326417099325
1692,3.629222656998575,5.449148104528715
1693,4.10037045923178,2.883121481558057
1694,5.833997820976068,6.571983912390889
1695,9.929785144084084,0.2246046040066432
1696,11.40403622818307,1.7125880817634835
1697,12.980328662261343,3.936326417099325
1698,3.629222656998575,5.449148104528715
1699,4.10037045923178,2.883121481558057
1700,5.833997820976068,6.571983912390889
1701,9.929785144084084,0.2246046040066432
1702,11.40403622818307,1.7125880817634835
1703,12.980328662261343,3.936326417099325
1704,3.7601046839911665,6.3671004099936095
1705,4.024530259456435,3.7804462381943957
1706,6.061830737221327,7.154054716176733
1707,10.339355446103639,0.6490975079246079
1708,10.965417671601744,1.0242691566253552
1709,12.948437340616948,4.316900563051105
1710,3.7601046839911665,6.3671004099936095
1711,4.024530259456435,3.7804462381943957
1712,6.061830737221327,7.154054716176733
1713,10.339355446103639,0.6490975079246079
1714,10.965417671601744,1.0242691566253552
1715,12.948437340616948,4.316900563051105
1716,3.7601046839911665,6.3671004099936095
1717,4.024530259456435,3.7804462381943957
1718,6.061830737221327,7.154054716176733
1719,10.339355446103639,0.6490975079246079
1720,10.965417671601744,1.0242691566253552
1721,12.948437340616948,4.316900563051105
1722,3.7601046839911665,6.3671004099936095
1723,4.024530259456435,3.7804462381943957
1724,6.061830737221327,7.154054716176733
1725,10.339355446103639,0.6490975079246079
1726,10.965417671601744,1.0242691566253552
1727,12.948437340616948,4.316900563051105
1728,3.828570872085153,6.306576703007453
1729,3.959705874603108,4.070377072202212
1730,6.034678690174616,8.790649541630446
1731,10.307647555149417,0.6822918845816457
1732,10.998597026242473,1.1146440374689812
1733,12.95823129869463,4.3554035892234
1734,3.828570872085153,6.306576703007453
1735,3.959705874603108,4.070377072202212
1736,6.034678690174616,8.790649541630446
1737,10.307647555149417,0.6822918845816457
1738,10.998597026242473,1.1146440374689812
1739,12.95823129869463,4.3554035892234
1740,3.828570872085153,6.306576703007453
1741,3.959705874603108,4.070377072202212
1742,6.034678690174616,8.790649541630446
1743,10.307647555149417,0.6822918845816457
1744,10.998597026242473,1.1146440374689812
1745,12.95823129869463,4.3554035892234
1746,3.828570872085153,6.306576703007453
1747,3.959705874603108,4.070377072202212
1748,6.034678690174616,8.790649541630446
1749,10.307647555149417,0.6822918845816457
1750,10.998597026242473,1.1146440374689812
1751,12.95823129869463,4.3554035892234
1752,3.7500249750165593,7.176807815604705
1753,3.9905966456366926,3.54850514410531
1754,5.758311800247884,8.049145851116984
1755,9.884325911703678,0.3073047492152062
1756,11.45094656742449,1.6496024467218504
1757,13.007520601771397,4.2541835122000355
1758,3.7500249750165593,7.176807815604705
1759,3.9905966456366926,3.54850514410531
1760,5.758311800247884,8.049145851116984
1761,9.884325911703678,0.3073047492152062
1762,11.45094656742449,1.6496024467218504
1763,13.007520601771397,4.2541835122000355
1764,3.7500249750165593,7.176807815604705
1765,3.9905966456366926,3.54850514410531
1766,5.758311800247884,8.049145851116984
1767,9.884325911703678,0.3073047492152062
1768,11.45094656742449,1.6496024467218504
1769,13.007520601771397,4.2541835122000355
1770,3.7500249750165593,7.176807815604705
1771,3.9905966456366926,3.54850514410531
1772,5.758311800247884,8.049145851116984
1773,9.884325911703678,0.3073047492152062
1774,11.45094656742449,1.6496024467218504
1775,13.007520601771397,4.2541835122000355
1776,3.5932356490506643,7.839718227135638
1777,4.045686480499557,2.874118027438472
1778,5.28230316208277,9.863638578106258
1779,9.432128953315178,1.6201979978608785
1780,11.92963753149265,1.7746058191217218
1781,13.089244266847615,4.398205890055976
1782,3.5932356490506643,7.839718227135638
1783,4.045686480499557,2.874118027438472
1784,5.28230316208277,9.863638578106258
1785,9.432128953315178,1.6201979978608785
1786,11.92963753149265,1.7746058191217218
1787,13.089244266847615,4.398205890055976
1788,3.5932356490506643,7.839718227135638
1789,4.045686480499557,2.874118027438472
1790,5.28230316208277,9.863638578106258
1791,9.432128953315178,1.6201979978608785
1792,11.92963753149265,1.7746058191217218
1793,13.089244266847615,4.398205890055976
1794,3.5932356490506643,7.839718227135638
1795,4.045686480499557,2.874118027438472
1796,5.28230316208277,9.863638578106258
1797,9.432128953315178,1.6201979978608785
1798,11.92963753149265,1.7746058191217218
1799,13.089244266847615,4.398205890055976
1800,3.3937891133469167,9.44806241213048
1801,4.0781447222768525,2.191503328827297
1802,4.6849341926305215,9.70188034913357
1803,8.967353731983174,1.9581524483578951
1804,12.381772675479228,2.143627074877682
1805,13.193932967461368,3.6978717220879784
1806,3.3937891133469167,9.44806241213048
1807,4.0781447222768525,2.191503328827297
1808,4.6849341926305215,9.70188034913357
1809,8.967353731983174,1.9581524483578951
1810,12.381772675479228,2.143627074877682
1811,13.193932967461368,3.6978717220879784
1812,3.3937891133469167,9.44806241213048
1813,4.0781447222768525,2.191503328827297
1814,4.6849341926305215,9.70188034913357
1815,8.967353731983174,1.9581524483578951
1816,12.381772675479228,2.143627074877682
1817,13.193932967461368,3.6978717220879784
1818,3.3937891133469167,9.44806241213048
1819,4.0781447222768525,2.191503328827297
1820,4.6849341926305215,9.70188034913357
1821,8.967353731983174,1.9581524483578951
1822,12.381772675479228,2.143627074877682
1823,13.193932967461368,3.6978717220879784
1824,3.158146966068369,12.682745504006135
1825,3.9072294813196295,5.820033716119538
1826,4.212999776243329,3.3108948212481195
1827,8.488311629165414,0.4905871565306137
1828,12.784027847156889,2.4709674702758817
1829,13.311726799115121,3.693401185642589
1830,3.158146966068369,12.682745504006135
1831,3.9072294813196295,5.820033716119538
1832,4.212999776243329,3.3108948212481195
1833,8.488311629165414,0.4905871565306137
1834,12.784027847156889,2.4709674702758817
1835,13.311726799115121,3.693401185642589
1836,3.158146966068369,12.682745504006135
1837,3.9072294813196295,5.820033716119538
1838,4.212999776243329,3.3108948212481195
1839,8.488311629165414,0.4905871565306137
1840,12.784027847156889,2.4709674702758817
1841,13.311726799115121,3.693401185642589
1842,3.158146966068369,12.682745504006135
1843,3.9072294813196295,5.820033716119538
1844,4.212999776243329,3.3108948212481195
1845,8.488311629165414,0.4905871565306137
1846,12.784027847156889,2.4709674702758817
1847,13.311726799115121,3.693401185642589
1848,2.8956670759410756,11.434357829516886
1849,3.3130678912283162,13.087011826570002
1850,4.15596311319637,2.666883582362481
1851,8.003365519470401,0.31345941418774914
1852,13.122376691872745,2.7383043510190253
1853,13.433204454683022,3.411377858743626
1854,2.8956670759410756,11.434357829516886
1855,3.3130678912283162,13.087011826570002
1856,4.15596311319637,2.666883582362481
1857,8.003365519470401,0.31345941418774914
1858,13.122376691872745,2.7383043510190253
1859,13.433204454683022,3.411377858743626
1860,2.8956670759410756,11.434357829516886
1861,3.3130678912283162,13.087011826570002
1862,4.15596311319637,2.666883582362481
1863,8.003365519470401,0.31345941418774914
1864,13.122376691872745,2.7383043510190253
1865,13.433204454683022,3.411377858743626
1866,2.8956670759410756,11.434357829516886
1867,3.3130678912283162,13.087011826570002
1868,4.15596311319637,2.666883582362481
1869,8.003365519470401,0.31345941418774914
1870,13.122376691872745,2.7383043510190253
1871,13.433204454683022,3.411377858743626
1872,2.6265970288413016,19.82265048637815
1873,2.784440873028694,15.779255012200707
1874,4.100520817853489,2.6291358066877533
1875,7.53604299833719,0.5090836109614206
1876,13.388545517419725,2.832065786213101
1877,13.549831071797255,2.7160891566134016
1878,2.6265970288413016,19.82265048637815
1879,2.784440873028694,15.779255012200707
1880,4.100520817853489,2.6291358066877533
1881,7.53604299833719,0.5090836109614206
1882,13.388545517419725,2.832065786213101
1883,13.549831071797255,2.7160891566134016
1884,2.6265970288413016,19.82265048637815
1885,2.784440873028694,15.779255012200707
1886,4.100520817853489,2.6291358066877533
1887,7.53604299833719,0.5090836109614206
1888,13.388545517419725,2.832065786213101
1889,13.549831071797255,2.7160891566134016
1890,2.6265970288413016,19.82265048637815
1891,2.784440873028694,15.779255012200707
1892,4.100520817853489,2.6291358066877533
1893,7.53604299833719,0.5090836109614206
1894,13.388545517419725,2.832065786213101
1895,13.549831071797255,2.7160891566134016
1896,2.4089481239634094,28.01395245142099
1897,2.429075342141801,12.462542538198042
1898,3.9918140060435676,3.273925421076452
1899,7.126003330028152,0.9753982539089412
1900,13.575997624810826,3.0309118964367627
1901,13.656140141391894,3.0742596926242896
1902,2.4089481239634094,28.01395245142099
1903,2.429075342141801,12.462542538198042
1904,3.9918140060435676,3.273925421076452
1905,7.126003330028152,0.9753982539089412
1906,13.575997624810826,3.0309118964367627
1907,13.656140141391894,3.0742596926242896
1908,3.7484782749668177,6.083940553993827
1909,4.045026896672527,3.4881596602009455
1910,6.247126187664172,5.899559860849226
1911,10.224984537138344,0.424794941695883
1912,10.974066952173542,1.5295305025340478
1913,12.947021908397662,4.2510869354993766
1914,3.7484782749668177,6.083940553993827
1915,4.045026896672527,3.4881596602009455
1916,6.247126187664172,5.899559860849226
1917,10.224984537138344,0.424794941695883
1918,10.974066952173542,1.5295305025340478
1919,12.947021908397662,4.2510869354993766
1920,3.833549903885506,5.446096599277047
1921,3.9823774628291786,4.289362820462442
1922,6.382710852964655,9.297210076493482
1923,10.447220432390246,0.6607986812960848
1924,10.696968299209361,0.9980245656744993
1925,12.941697755724377,4.446838485349251
1926,3.833549903885506,5.446096599277047
1927,3.9823774628291786,4.289362820462442
1928,6.382710852964655,9.297210076493482
1929,10.447220432390246,0.6607986812960848
1930,10.696968299209361,0.9980245656744993
1931,12.941697755724377,4.446838485349251
1932,3.833549903885506,5.446096599277047
1933,3.9823774628291786,4.289362820462442
1934,6.382710852964655,9.297210076493482
1935,10.447220432390246,0.6607986812960848
1936,10.696968299209361,0.9980245656744993
1937,12.941697755724377,4.446838485349251
1938,3.833549903885506,5.446096599277047
1939,3.9823774628291786,4.289362820462442
1940,6.382710852964655,9.297210076493482
1941,10.447220432390246,0.6607986812960848
1942,10.696968299209361,0.9980245656744993
1943,12.941697755724377,4.446838485349251
1944,3.8451357054593998,5.575616648893244
1945,3.953307127632508,3.737247700120935
1946,6.1996136574232565,8.368387456316475
1947,10.199217292753625,0.5365020194801262
1948,11.00563434706633,1.4440375781086694
1949,12.963482536834027,4.220749982870243
1950,3.8451357054593998,5.575616648893244
1951,3.953307127632508,3.737247700120935
1952,6.1996136574232565,8.368387456316475
1953,10.199217292753625,0.5365020194801262
1954,11.00563434706633,1.4440375781086694
1955,12.963482536834027,4.220749982870243
1956,3.8451357054593998,5.575616648893244
1957,3.953307127632508,3.737247700120935
1958,6.1996136574232565,8.368387456316475
1959,10.199217292753625,0.5365020194801262
1960,11.00563434706633,1.4440375781086694
1961,12.963482536834027,4.220749982870243
1962,3.8451357054593998,5.575616648893244
1963,3.953307127632508,3.737247700120935
1964,6.1996136574232565,8.368387456316475
1965,10.199217292753625,0.5365020194801262
1966,11.00563434706633,1.4440375781086694
1967,12.963482536834027,4.220749982870243
1968,3.7472294027320534,6.935055972411146
1969,3.992531728888714,3.4585839311382425
1970,5.751757478152381,8.539897687046695
1971,9.890452461637159,0.3097372177367312
1972,11.44687746073577,1.6280522207489743
1973,13.009629599704734,4.335181822125291
1974,3.7472294027320534,6.935055972411146
1975,3.992531728888714,3.4585839311382425
1976,5.751757478152381,8.539897687046695
1977,9.890452461637159,0.3097372177367312
1978,11.44687746073577,1.6280522207489743
1979,13.009629599704734,4.335181822125291
1980,3.7472294027320534,6.935055972411146
1981,3.992531728888714,3.4585839311382425
1982,5.751757478152381,8.539897687046695
1983,9.890452461637159,0.3097372177367312
1984,11.44687746073577,1.6280522207489743
1985,13.009629599704734,4.335181822125291
1986,3.7472294027320534,6.935055972411146
1987,3.992531728888714,3.4585839311382425
1988,5.751757478152381,8.539897687046695
1989,9.890452461637159,0.3097372177367312
1990,11.44687746073577,1.6280522207489743
1991,13.009629599704734,4.335181822125291
1992,3.603796279160217,8.026104504259287
1993,4.029020604627043,2.9422241485320324
1994,5.146076017714253,8.9196960526171
1995,9.559861075541518,1.5952540976952663
1996,11.904240308749404,2.1939414947822127
1997,13.076269864687042,4.212053541278184
1998,3.603796279160217,8.026104504259287
1999,4.029020604627043,2.9422241485320324
2000,5.146076017714253,8.9196960526171
2001,9.559861075541518,1.5952540976952663
2002,11.904240308749404,2.1939414947822127
2003,13.076269864687042,4.212053541278184
2004,3.603796279160217,8.026104504259287
2005,4.029020604627043,2.9422241485320324
2006,5.146076017714253,8.9196960526171
2007,9.559861075541518,1.5952540976952663
2008,11.904240308749404,2.1939414947822127
2009,13.076269864687042,4.212053541278184
2010,3.603796279160217,8.026104504259287
2011,4.029020604627043,2.9422241485320324
2012,5.146076017714253,8.9196960526171
2013,9.559861075541518,1.5952540976952663
2014,11.904240308749404,2.1939414947822127
2015,13.076269864687042,4.212053541278184
2016,3.4275327862843796,9.456458184319466
2017,4.004137777395382,3.0005738108075977
2018,4.5275182302262325,6.232254979916313
2019,9.190394124905605,2.349768133885781
2020,12.335449303351428,2.562476295922137
2021,13.158831511635928,3.718882338496862
2022,3.4275327862843796,9.456458184319466
2023,4.004137777395382,3.0005738108075977
2024,4.5275182302262325,6.232254979916313
2025,9.190394124905605,2.349768133885781
2026,12.335449303351428,2.562476295922137
2027,13.158831511635928,3.718882338496862
2028,3.4275327862843796,9.456458184319466
2029,4.004137777395382,3.0005738108075977
2030,4.5275182302262325,6.232254979916313
2031,9.190394124905605,2.349768133885781
2032,12.335449303351428,2.562476295922137
2033,13.158831511635928,3.718882338496862
2034,3.4275327862843796,9.456458184319466
2035,4.004137777395382,3.0005738108075977
2036,4.5275182302262325,6.232254979916313
2037,9.190394124905605,2.349768133885781
2038,12.335449303351428,2.562476295922137
2039,13.158831511635928,3.718882338496862
2040,3.22633484232421,12.424120929604188
2041,3.6484611951511043,10.644115018972403
2042,4.251015962362705,2.957361011213649
2043,8.780464832832083,1.6986203628853387
2044,12.713432225589637,2.5823916350451883
2045,13.252200624352596,3.932800976712959
2046,3.22633484232421,12.424120929604188
2047,3.6484611951511043,10.644115018972403
2048,4.251015962362705,2.957361011213649
2049,8.780464832832083,1.6986203628853387
2050,12.713432225589637,2.5823916350451883
2051,13.252200624352596,3.932800976712959
2052,3.22633484232421,12.424120929604188
2053,3.6484611951511043,10.644115018972403
2054,4.251015962362705,2.957361011213649
2055,8.780464832832083,1.6986203628853387
2056,12.713432225589637,2.5823916350451883
2057,13.252200624352596,3.932800976712959
2058,3.22633484232421,12.424120929604188
2059,3.6484611951511043,10.644115018972403
2060,4.251015962362705,2.957361011213649
2061,8.780464832832083,1.6986203628853387
2062,12.713432225589637,2.5823916350451883
2063,13.252200624352596,3.932800976712959
2064,3.0130361433889497,14.934614374680836
2065,3.1508497499496375,15.697485075665004
2066,4.2154052994884985,2.652366807150933
2067,8.34441300074194,0.5402092149183197
2068,13.021431160489742,2.562262545516376
2069,13.351272679480813,3.7093325813091895
2070,3.0130361433889497,14.934614374680836
2071,3.1508497499496375,15.697485075665004
2072,4.2154052994884985,2.652366807150933
2073,8.34441300074194,0.5402092149183197
2074,13.021431160489742,2.562262545516376
2075,13.351272679480813,3.7093325813091895
2076,3.0130361433889497,14.934614374680836
2077,3.1508497499496375,15.697485075665004
2078,4.2154052994884985,2.652366807150933
2079,8.34441300074194,0.5402092149183197
2080,13.021431160489742,2.562262545516376
2081,13.351272679480813,3.7093325813091895
2082,3.0130361433889497,14.934614374680836
2083,3.1508497499496375,15.697485075665004
2084,4.2154052994884985,2.652366807150933
2085,8.34441300074194,0.5402092149183197
2086,13.021431160489742,2.562262545516376
2087,13.351272679480813,3.7093325813091895
2088,2.81918346246191,17.95951194237115
2089,2.8260471741641315,22.730344916081435
2090,4.177970586073614,2.5764404462499
2091,7.913176683865182,0.4836661501772503
2092,13.248041931130237,2.491619090400741
2093,13.452395723001487,3.3307787637320025
2094,2.81918346246191,17.95951194237115
2095,2.8260471741641315,22.730344916081435
2096,4.177970586073614,2.5764404462499
2097,7.913176683865182,0.4836661501772503
2098,13.248041931130237,2.491619090400741
2099,13.452395723001487,3.3307787637320025
2100,3.8838060365517606,4.614723998985444
2101,3.9331926494446505,5.167338271979965
2102,6.36299428928015,9.983087762106917
2103,10.45442288802549,0.7795192220460746
2104,10.694086756073132,0.788519466163734
2105,12.948093681789164,4.404128684727263
2106,3.8838060365517606,4.614723998985444
2107,3.9331926494446505,5.167338271979965
2108,6.36299428928015,9.983087762106917
2109,10.45442288802549,0.7795192220460746
2110,10.694086756073132,0.788519466163734
2111,12.948093681789164,4.404128684727263
2112,3.854582115510602,5.834245277885196
2113,3.9334175960641486,4.30306232826185
2114,6.010286767563989,9.724704313565747
2115,10.329167181459246,0.6912965386986059
2116,10.982862848611278,1.1490762892813375
2117,12.966209013794932,4.4354588074736565
2118,3.854582115510602,5.834245277885196
2119,3.9334175960641486,4.30306232826185
2120,6.010286767563989,9.724704313565747
2121,10.329167181459246,0.6912965386986059
2122,10.982862848611278,1.1490762892813375
2123,12.966209013794932,4.4354588074736565
2124,3.854582115510602,5.834245277885196
2125,3.9334175960641486,4.30306232826185
2126,6.010286767563989,9.724704313565747
2127,10.329167181459246,0.6912965386986059
2128,10.982862848611278,1.1490762892813375
2129,12.966209013794932,4.4354588074736565
2130,3.854582115510602,5.834245277885196
2131,3.9334175960641486,4.30306232826185
2132,6.010286767563989,9.724704313565747
2133,10.329167181459246,0.6912965386986059
2134,10.982862848611278,1.1490762892813375
2135,12.966209013794932,4.4354588074736565
2136,3.759004658368632,6.8637998037982415
2137,3.9668628896073486,3.775662339066766
2138,5.445733606116503,8.640859499782122
2139,10.141353320819483,0.6081125894561341
2140,11.389684492875439,1.721114738579646
2141,12.99673158457527,4.081618845997723
2142,3.759004658368632,6.8637998037982415
2143,3.9668628896073486,3.775662339066766
2144,5.445733606116503,8.640859499782122
2145,10.141353320819483,0.6081125894561341
2146,11.389684492875439,1.721114738579646
2147,12.99673158457527,4.081618845997723
2148,3.759004658368632,6.8637998037982415
2149,3.9668628896073486,3.775662339066766
2150,5.445733606116503,8.640859499782122
2151,10.141353320819483,0.6081125894561341
2152,11.389684492875439,1.721114738579646
2153,12.99673158457527,4.081618845997723
2154,3.759004658368632,6.8637998037982415
2155,3.9668628896073486,3.775662339066766
2156,5.445733606116503,8.640859499782122
2157,10.141353320819483,0.6081125894561341
2158,11.389684492875439,1.721114738579646
2159,12.99673158457527,4.081618845997723
2160,3.634505402547945,8.241034176380031
2161,3.9791563070902423,3.510043230166213
2162,4.815081220484709,7.646311265404941
2163,9.883571891726024,0.47810299091369085
2164,11.824118319505807,2.142901419117547
2165,13.04115750121158,3.9838298719329206
2166,3.634505402547945,8.241034176380031
2167,3.9791563070902423,3.510043230166213
2168,4.815081220484709,7.646311265404941
2169,9.883571891726024,0.47810299091369085
2170,11.824118319505807,2.142901419117547
2171,13.04115750121158,3.9838298719329206
2172,3.634505402547945,8.241034176380031
2173,3.9791563070902423,3.510043230166213
2174,4.815081220484709,7.646311265404941
2175,9.883571891726024,0.47810299091369085
2176,11.824118319505807,2.142901419117547
2177,13.04115750121158,3.9838298719329206
2178,3.634505402547945,8.241034176380031
2179,3.9791563070902423,3.510043230166213
2180,4.815081220484709,7.646311265404941
2181,9.883571891726024,0.47810299091369085
2182,11.824118319505807,2.142901419117547
2183,13.04115750121158,3.9838298719329206
2184,3.486542792286327,9.719962936479224
2185,3.849596103449855,6.772193554067646
2186,4.343763401344304,3.6081572861752687
2187,9.556770287217805,1.3797348778608003
2188,12.230167595020697,2.547528554685208
2189,13.10016352087825,3.8502490456018847
2190,3.486542792286327,9.719962936479224
2191,3.849596103449855,6.772193554067646
2192,4.343763401344304,3.6081572861752687
2193,9.556770287217805,1.3797348778608003
2194,12.230167595020697,2.547528554685208
2195,13.10016352087825,3.8502490456018847
2196,3.486542792286327,9.719962936479224
2197,3.849596103449855,6.772193554067646
2198,4.343763401344304,3.6081572861752687
2199,9.556770287217805,1.3797348778608003
2200,12.230167595020697,2.547528554685208
2201,13.10016352087825,3.8502490456018847
2202,3.486542792286327,9.719962936479224
2203,3.849596103449855,6.772193554067646
2204,4.343763401344304,3.6081572861752687
2205,9.556770287217805,1.3797348778608003
2206,12.230167595020697,2.547528554685208
2207,13.10016352087825,3.8502490456018847
2208,3.3244137980163604,11.86013170296638
2209,3.4656394791452643,21.520704935541826
2210,4.240897327818991,2.8721077132596586
2211,9.172505067414548,2.39027126035419
2212,12.575820560418103,2.691685631020756
2213,13.17311482954913,3.89400347304365
2214,3.3244137980163604,11.86013170296638
2215,3.4656394791452643,21.520704935541826
2216,4.240897327818991,2.8721077132596586
2217,9.172505067414548,2.39027126035419
2218,12.575820560418103,2.691685631020756
2219,13.17311482954913,3.89400347304365
2220,3.3244137980163604,11.86013170296638
2221,3.4656394791452643,21.520704935541826
2222,4.240897327818991,2.8721077132596586
2223,9.172505067414548,2.39027126035419
2224,12.575820560418103,2.691685631020756
2225,13.17311482954913,3.89400347304365
2226,3.3244137980163604,11.86013170296638
2227,3.4656394791452643,21.520704935541826
2228,4.240897327818991,2.8721077132596586
2229,9.172505067414548,2.39027126035419
2230,12.575820560418103,2.691685631020756
2231,13.17311482954913,3.89400347304365
2232,3.160983672882666,14.004941806072098
2233,3.186085240828298,22.429732955052856
2234,4.234685733509666,2.6982487518706084
2235,8.754785499801832,1.7945069614943137
2236,12.84228030663508,2.4265155166147716
2237,13.258565762687015,3.9381724690216484
2238,3.160983672882666,14.004941806072098
2239,3.186085240828298,22.429732955052856
2240,4.234685733509666,2.6982487518706084
2241,8.754785499801832,1.7945069614943137
2242,12.84228030663508,2.4265155166147716
2243,13.258565762687015,3.9381724690216484
2244,3.8462385219251223,6.750613298844626
2245,3.9100437465125526,3.984232939649806
2246,5.5497165817324,10.775631194694434
2247,10.551612741912018,0.6195465844592734
2248,11.001289369677913,1.0973497367849976
2249,12.968495179294086,4.1156545514420175
2250,3.8462385219251223,6.750613298844626
2251,3.9100437465125526,3.984232939649806
2252,5.5497165817324,10.775631194694434
2253,10.551612741912018,0.6195465844592734
2254,11.001289369677913,1.0973497367849976
2255,12.968495179294086,4.1156545514420175
2256,3.7806418006805678,7.28538928545862
2257,3.916947867669035,4.008813768059636
2258,4.971411612789886,8.913371780662683
2259,10.520775454387683,0.6225432118961538
2260,11.281540258188432,1.4602943991208148
2261,12.976744071330424,4.024856950031269
2262,3.7806418006805678,7.28538928545862
2263,3.916947867669035,4.008813768059636
2264,4.971411612789886,8.913371780662683
2265,10.520775454387683,0.6225432118961538
2266,11.281540258188432,1.4602943991208148
2267,12.976744071330424,4.024856950031269
2268,3.7806418006805678,7.28538928545862
2269,3.916947867669035,4.008813768059636
2270,4.971411612789886,8.913371780662683
2271,10.520775454387683,0.6225432118961538
2272,11.281540258188432,1.4602943991208148
2273,12.976744071330424,4.024856950031269
2274,3.7806418006805678,7.28538928545862
2275,3.916947867669035,4.008813768059636
2276,4.971411612789886,8.913371780662683
2277,10.520775454387683,0.6225432118961538
2278,11.281540258188432,1.4602943991208148
2279,12.976744071330424,4.024856950031269
2280,3.6809919464700367,8.23011374458309
2281,3.8930596083615567,5.622502345697888
2282,4.445117576200775,5.633285383602206
2283,10.294302572243124,0.45425316810311217
2284,11.679383796336058,2.033459557664999
2285,12.998110584952094,3.6265101653719696
2286,3.6809919464700367,8.23011374458309
2287,3.8930596083615567,5.622502345697888
2288,4.445117576200775,5.633285383602206
2289,10.294302572243124,0.45425316810311217
2290,11.679383796336058,2.033459557664999
2291,12.998110584952094,3.6265101653719696
2292,3.6809919464700367,8.23011374458309
2293,3.8930596083615567,5.622502345697888
2294,4.445117576200775,5.633285383602206
2295,10.294302572243124,0.45425316810311217
2296,11.679383796336058,2.033459557664999
2297,12.998110584952094,3.6265101653719696
2298,3.6809919464700367,8.23011374458309
2299,3.8930596083615567,5.622502345697888
2300,4.445117576200775,5.633285383602206
2301,10.294302572243124,0.45425316810311217
2302,11.679383796336058,2.033459557664999
2303,12.998110584952094,3.6265101653719696
2304,3.5652412335941976,10.122873658029857
2305,3.6891726394145006,21.424728143559186
2306,4.217947824159426,3.136406137068483
2307,9.972618739061772,0.3204644831855606
2308,12.051668724623191,2.216755475099456
2309,13.037591315518274,3.6586556199160154
2310,3.5652412335941976,10.122873658029857
2311,3.6891726394145006,21.424728143559186
2312,4.217947824159426,3.136406137068483
2313,9.972618739061772,0.3204644831855606
2314,12.051668724623191,2.216755475099456
2315,13.037591315518274,3.6586556199160154
2316,3.5652412335941976,10.122873658029857
2317,3.6891726394145006,21.424728143559186
2318,4.217947824159426,3.136406137068483
2319,9.972618739061772,0.3204644831855606
2320,12.051668724623191,2.216755475099456
2321,13.037591315518274,3.6586556199160154
2322,3.5652412335941976,10.122873658029857
2323,3.6891726394145006,21.424728143559186
2324,4.217947824159426,3.136406137068483
2325,9.972618739061772,0.3204644831855606
2326,12.051668724623191,2.216755475099456
2327,13.037591315518274,3.6586556199160154
2328,3.4482191043355197,11.319983603478008
2329,3.4666972599332992,27.746247861017736
2330,4.213271203163588,2.8718522896151875
2331,9.587334114487323,1.3161020154407561
2332,12.355885845219433,2.5051915648810636
2333,13.097013140433532,3.75239495341569
2334,3.4482191043355197,11.319983603478008
2335,3.4666972599332992,27.746247861017736
2336,4.213271203163588,2.8718522896151875
2337,9.587334114487323,1.3161020154407561
2338,12.355885845219433,2.5051915648810636
2339,13.097013140433532,3.75239495341569
2340,3.7882739871352187,9.103746114691486
2341,3.8555889488639323,4.886715867775038
2342,4.4898339786197745,6.413578581935365
2343,10.832785172318268,0.7277510635842541
2344,11.204870717416162,1.1454099070959867
2345,12.96206888598199,3.837371980712997
2346,3.7882739871352187,9.103746114691486
2347,3.8555889488639323,4.886715867775038
2348,4.4898339786197745,6.413578581935365
2349,10.832785172318268,0.7277510635842541
2350,11.204870717416162,1.1454099070959867
2351,12.96206888598199,3.837371980712997
2352,3.728714606608051,10.091520070779412
2353,3.7819451655238043,13.757807627278943
2354,4.185893056998121,3.782166123607083
2355,10.701182641358713,0.6823651314810145
2356,11.466759513971754,1.5309112504960358
2357,12.964069591334493,3.6378279935346813
2358,3.728714606608051,10.091520070779412
2359,3.7819451655238043,13.757807627278943
2360,4.185893056998121,3.782166123607083
2361,10.701182641358713,0.6823651314810145
2362,11.466759513971754,1.5309112504960358
2363,12.964069591334493,3.6378279935346813
2364,3.728714606608051,10.091520070779412
2365,3.7819451655238043,13.757807627278943
2366,4.185893056998121,3.782166123607083
2367,10.701182641358713,0.6823651314810145
2368,11.466759513971754,1.5309112504960358
2369,12.964069591334493,3.6378279935346813
2370,3.728714606608051,10.091520070779412
2371,3.7819451655238043,13.757807627278943
2372,4.185893056998121,3.782166123607083
2373,10.701182641358713,0.6823651314810145
2374,11.466759513971754,1.5309112504960358
2375,12.964069591334493,3.6378279935346813
2376,3.6460923988170824,36.31201165143197
2377,3.668033719910013,10.701806345003265
2378,4.147415081692552,3.171060351556327
2379,10.370716271441744,0.4872165157477165
2380,11.792267670040122,2.001754536157694
2381,12.989251753454452,3.5920961532560893
2382,3.6460923988170824,36.31201165143197
2383,3.668033719910013,10.701806345003265
2384,4.147415081692552,3.171060351556327
2385,10.370716271441744,0.4872165157477165
2386,11.792267670040122,2.001754536157694
2387,12.989251753454452,3.5920961532560893
2388,3.7079323891250313,40.34112022126242
2389,3.7671274705011246,11.512339019264683
2390,4.098889172318282,3.2360633364455302
2391,10.955999702318099,0.8067709580601873
2392,11.282093837991399,1.0055895266804944
2393,12.95132933604637,3.648464291148284
